Workbook
Name Data: 'Quality Control Dashboard '!$L$151:$L$159

Sheet Quality Control Dashboard   
J1: Quality Control KPI Dashboard
A2: Quality Management.
A3: Quality Control Dep.
A4: Production hall : 1_2_3
A5: Date of Report :
C8: m
A9: عرض العيوب الرئيسية ومتوسط الأوزان فى المنتج النهائى صالة 1 وصالة 2 وصالة 3
D11: M1-1 | E11: M2-1 | F11: M3-2 | G11: M4-2 | H11: M5-3 | I11: M6-3 | J11: M7-3 | K11: M8-4 | L11: M9-5 | M11: M10-6 | N11: M10-6 | O11: M18-13 | T11: M11-7 | U11: M12-7 | V11: M13-8 | W11: M13-8 | X11: M14-9 | Y11: M15-10 | Z11: M16-11 | AA11: M16-11 | AB11: M17-12 | AC11: M17-12 | AI11: M11-7 | AJ11: M12-7 | AK11: M13-8 | AL11: M13-8 | AM11: M14-9 | AN11: M15-10 | AO11: M16-11 | AP11: M16-11 | AQ11: M17-12 | AR11: M17-12
A12: السبت | C12: اسم المنتج | D12: ='QC Deviation Record Hall 1 '!C5 -> 0 | E12: ='QC Deviation Record Hall 1 '!K5 -> 0 | F12: ='QC Deviation Record Hall 1 '!S5 -> 0 | G12: ='QC Deviation Record Hall 1 '!AA5 -> 0 | H12: ='QC Deviation Record Hall 1 '!AI5 -> 0 | I12: ='QC Deviation Record Hall 1 '!AQ5 -> 0 | J12: ='QC Deviation Record Hall 1 '!AY5 -> 0 | K12: ='QC Deviation Record Hall 1 '!BG5 -> 0 | L12: ='QC Deviation Record Hall 1 '!BO5 -> 0 | M12: ='QC Deviation Record Hall 1 '!BW5 -> 0 | N12: ='QC Deviation Record Hall 1 '!CE5 -> 0 | O12: ='QC Deviation Record Hall 1 '!CM5 -> 0 | Q12: السبت | S12: اسم المنتج | T12: ='QC Deviation Record Hall 2'!C4 -> 0 | U12: ='QC Deviation Record Hall 2'!K4 -> 0 | V12: ='QC Deviation Record Hall 2'!S4 -> 0 | W12: ='QC Deviation Record Hall 2'!AA4 -> 0 | X12: ='QC Deviation Record Hall 2'!AI4 -> 0 | Y12: ='QC Deviation Record Hall 2'!AQ4 -> 0 | Z12: ='QC Deviation Record Hall 2'!AY4 -> 0 | AA12: ='QC Deviation Record Hall 2'!BG4 -> 0 | AB12: ='QC Deviation Record Hall 2'!BO4 -> 0 | AC12: ='QC Deviation Record Hall 2'!BW4 -> 0 | AF12: السبت | AH12: اسم المنتج | AI12: ='QC Deviation Record Hall 3'!C4 -> 0 | AJ12: ='QC Deviation Record Hall 3'!K4 -> 0 | AK12: ='QC Deviation Record Hall 3'!S4 -> 0 | AL12: ='QC Deviation Record Hall 3'!AA4 -> 0 | AM12: ='QC Deviation Record Hall 3'!AI4 -> 0 | AN12: ='QC Deviation Record Hall 3'!AQ4 -> 0 | AO12: ='QC Deviation Record Hall 3'!AY4 -> 0 | AP12: ='QC Deviation Record Hall 3'!BG4 -> 0 | AQ12: ='QC Deviation Record Hall 3'!BO4 -> 0 | AR12: ='QC Deviation Record Hall 3'!BW4 -> 0
C13: مدى الوزن | S13: مدى الوزن | AH13: مدى الوزن
C14: متوسط الوزن | D14: =IFERROR(AVERAGE('QC Record Production Hall 1'!L6:L8),"") | E14: =IFERROR(AVERAGE('QC Record Production Hall 1'!Z6:Z8),"") | F14: =IFERROR(AVERAGE('QC Record Production Hall 1'!AN6:AN8),"") | G14: =IFERROR(AVERAGE('QC Record Production Hall 1'!BB6:BB8),"") | H14: =IFERROR(AVERAGE('QC Record Production Hall 1'!J30:J32),"") | I14: =IFERROR(AVERAGE('QC Record Production Hall 1'!V30:V32),"") | J14: =IFERROR(AVERAGE('QC Record Production Hall 1'!AN30:AN32),"") | K14: =IFERROR(AVERAGE('QC Record Production Hall 1'!BB30:BB32),"") | L14: =IFERROR(AVERAGE('QC Record Production Hall 1'!J54:J56),"") | M14: =IFERROR(AVERAGE('QC Record Production Hall 1'!W54:W56),"") | N14: =IFERROR(AVERAGE('QC Record Production Hall 1'!AK54:AK56),"") | O14: =IFERROR(AVERAGE('QC Record Production Hall 1'!AX54:AX56),"") | S14: متوسط الوزن | T14: =IFERROR(AVERAGE('QC Record Production Hall 2'!J6:J8),"") | U14: =IFERROR(AVERAGE('QC Record Production Hall 2'!V6:V8),"") | V14: =IFERROR(AVERAGE('QC Record Production Hall 2'!AG6:AG8),"") | W14: =IFERROR(AVERAGE('QC Record Production Hall 2'!AR6:AR8),"") | X14: =IFERROR(AVERAGE('QC Record Production Hall 2'!L30:L32),"") | Y14: =IFERROR(AVERAGE('QC Record Production Hall 2'!AD30:AD32),"") | Z14: =IFERROR(AVERAGE('QC Record Production Hall 2'!BC6:BC8),"") | AA14: =IFERROR(AVERAGE('QC Record Production Hall 2'!BN6:BN8),"") | AB14: =IFERROR(AVERAGE('QC Record Production Hall 2'!AR30:AR32),"") | AC14: =IFERROR(AVERAGE('QC Record Production Hall 2'!BC30:BC32),"") | AH14: متوسط الوزن | AI14: =IFERROR(AVERAGE('QC Record Production Hall 3'!J6:J8),"") | AJ14: =IFERROR(AVERAGE('QC Record Production Hall 3'!V6:V8),"") | AK14: =IFERROR(AVERAGE('QC Record Production Hall 3'!AG6:AG8),"") | AL14: =IFERROR(AVERAGE('QC Record Production Hall 3'!AR6:AR8),"") | AM14: =IFERROR(AVERAGE('QC Record Production Hall 3'!L30:L32),"") | AN14: =IFERROR(AVERAGE('QC Record Production Hall 3'!AD30:AD32),"") | AO14: =IFERROR(AVERAGE('QC Record Production Hall 3'!BC6:BC8),"") | AP14: =IFERROR(AVERAGE('QC Record Production Hall 3'!BN6:BN8),"") | AQ14: =IFERROR(AVERAGE('QC Record Production Hall 3'!AR30:AR32),"") | AR14: =IFERROR(AVERAGE('QC Record Production Hall 3'!BC30:BC32),"")
A15: الأحد | C15: اسم المنتج | D15: ='QC Deviation Record Hall 1 '!D5 -> 0 | E15: ='QC Deviation Record Hall 1 '!L5 -> 0 | F15: ='QC Deviation Record Hall 1 '!T5 -> 0 | G15: ='QC Deviation Record Hall 1 '!AB5 -> 0 | H15: ='QC Deviation Record Hall 1 '!AJ5 -> 0 | I15: ='QC Deviation Record Hall 1 '!AR5 -> 0 | J15: ='QC Deviation Record Hall 1 '!AZ5 -> 0 | K15: ='QC Deviation Record Hall 1 '!BH5 -> 0 | L15: ='QC Deviation Record Hall 1 '!BP5 -> 0 | M15: ='QC Deviation Record Hall 1 '!BX5 -> 0 | N15: ='QC Deviation Record Hall 1 '!CF5 -> 0 | O15: ='QC Deviation Record Hall 1 '!CN5 -> 0 | Q15: الأحد | S15: اسم المنتج | T15: ='QC Deviation Record Hall 2'!D4 -> 0 | U15: ='QC Deviation Record Hall 2'!L4 -> 0 | V15: ='QC Deviation Record Hall 2'!T4 -> 0 | W15: ='QC Deviation Record Hall 2'!AB4 -> 0 | X15: ='QC Deviation Record Hall 2'!AJ4 -> 0 | Y15: ='QC Deviation Record Hall 2'!AR4 -> 0 | Z15: ='QC Deviation Record Hall 2'!AZ4 -> 0 | AA15: ='QC Deviation Record Hall 2'!BH4 -> 0 | AB15: ='QC Deviation Record Hall 2'!BP4 -> 0 | AC15: ='QC Deviation Record Hall 2'!BX4 -> 0 | AF15: الأحد | AH15: اسم المنتج | AI15: ='QC Deviation Record Hall 3'!D4 -> 0 | AJ15: ='QC Deviation Record Hall 3'!L4 -> 0 | AK15: ='QC Deviation Record Hall 3'!T4 -> 0 | AL15: ='QC Deviation Record Hall 3'!AB4 -> 0 | AM15: ='QC Deviation Record Hall 3'!AJ4 -> 0 | AN15: ='QC Deviation Record Hall 3'!AR4 -> 0 | AO15: ='QC Deviation Record Hall 3'!AZ4 -> 0 | AP15: ='QC Deviation Record Hall 3'!BH4 -> 0 | AQ15: ='QC Deviation Record Hall 3'!BP4 -> 0 | AR15: ='QC Deviation Record Hall 3'!BX4 -> 0
C16: مدى الوزن | S16: مدى الوزن | AH16: مدى الوزن
C17: متوسط الوزن | D17: =IFERROR(AVERAGE('QC Record Production Hall 1'!L9:L11),"") | E17: =IFERROR(AVERAGE('QC Record Production Hall 1'!Z9:Z11),"") | F17: =IFERROR(AVERAGE('QC Record Production Hall 1'!AN9:AN11),"") | G17: =IFERROR(AVERAGE('QC Record Production Hall 1'!BB9:BB11),"") | H17: =IFERROR(AVERAGE('QC Record Production Hall 1'!J33:J35),"") | I17: =IFERROR(AVERAGE('QC Record Production Hall 1'!V33:V35),"") | J17: =IFERROR(AVERAGE('QC Record Production Hall 1'!AN33:AN35),"") | K17: =IFERROR(AVERAGE('QC Record Production Hall 1'!BB33:BB35),"") | L17: =IFERROR(AVERAGE('QC Record Production Hall 1'!J57:J59),"") | M17: =IFERROR(AVERAGE('QC Record Production Hall 1'!W57:W59),"") | N17: =IFERROR(AVERAGE('QC Record Production Hall 1'!AK57:AK59),"") | O17: =IFERROR(AVERAGE('QC Record Production Hall 1'!AX57:AX59),"") | S17: متوسط الوزن | T17: =IFERROR(AVERAGE('QC Record Production Hall 2'!J9:J11),"") | U17: =IFERROR(AVERAGE('QC Record Production Hall 2'!V9:V11),"") | V17: =IFERROR(AVERAGE('QC Record Production Hall 2'!AG9:AG11),"") | W17: =IFERROR(AVERAGE('QC Record Production Hall 2'!AR9:AR11),"") | X17: =IFERROR(AVERAGE('QC Record Production Hall 2'!L33:L35),"") | Y17: =IFERROR(AVERAGE('QC Record Production Hall 2'!AD33:AD35),"") | Z17: =IFERROR(AVERAGE('QC Record Production Hall 2'!BC9:BC11),"") | AA17: =IFERROR(AVERAGE('QC Record Production Hall 2'!BN9:BN11),"") | AB17: =IFERROR(AVERAGE('QC Record Production Hall 2'!AR33:AR35),"") | AC17: =IFERROR(AVERAGE('QC Record Production Hall 2'!BC33:BC35),"") | AH17: متوسط الوزن | AI17: =IFERROR(AVERAGE('QC Record Production Hall 3'!J9:J11),"") | AJ17: =IFERROR(AVERAGE('QC Record Production Hall 3'!V9:V11),"") | AK17: =IFERROR(AVERAGE('QC Record Production Hall 3'!AG9:AG11),"") | AL17: =IFERROR(AVERAGE('QC Record Production Hall 3'!AR9:AR11),"") | AM17: =IFERROR(AVERAGE('QC Record Production Hall 3'!L33:L35),"") | AN17: =IFERROR(AVERAGE('QC Record Production Hall 3'!AD33:AD35),"") | AO17: =IFERROR(AVERAGE('QC Record Production Hall 3'!BC9:BC11),"") | AP17: =IFERROR(AVERAGE('QC Record Production Hall 3'!BN9:BN11),"") | AQ17: =IFERROR(AVERAGE('QC Record Production Hall 3'!AR33:AR35),"") | AR17: =IFERROR(AVERAGE('QC Record Production Hall 3'!BC33:BC35),"")
A18: الإثنين | C18: اسم المنتج | D18: ='QC Deviation Record Hall 1 '!E5 -> 0 | E18: ='QC Deviation Record Hall 1 '!M5 -> 0 | F18: ='QC Deviation Record Hall 1 '!U5 -> 0 | G18: ='QC Deviation Record Hall 1 '!AC5 -> 0 | H18: ='QC Deviation Record Hall 1 '!AK5 -> 0 | I18: ='QC Deviation Record Hall 1 '!AS5 -> 0 | J18: ='QC Deviation Record Hall 1 '!BA5 -> 0 | K18: ='QC Deviation Record Hall 1 '!BI5 -> 0 | L18: ='QC Deviation Record Hall 1 '!BQ5 -> 0 | M18: ='QC Deviation Record Hall 1 '!BY5 -> 0 | N18: ='QC Deviation Record Hall 1 '!CG5 -> 0 | O18: ='QC Deviation Record Hall 1 '!CO5 -> 0 | Q18: الإثنين | S18: اسم المنتج | T18: ='QC Deviation Record Hall 2'!E4 -> 0 | U18: ='QC Deviation Record Hall 2'!M4 -> 0 | V18: ='QC Deviation Record Hall 2'!U4 -> 0 | W18: ='QC Deviation Record Hall 2'!AC4 -> 0 | X18: ='QC Deviation Record Hall 2'!AK4 -> 0 | Y18: ='QC Deviation Record Hall 2'!AS4 -> 0 | Z18: ='QC Deviation Record Hall 2'!BA4 -> 0 | AA18: ='QC Deviation Record Hall 2'!BI4 -> 0 | AB18: ='QC Deviation Record Hall 2'!BQ4 -> 0 | AC18: ='QC Deviation Record Hall 2'!BY4 -> 0 | AF18: الإثنين | AH18: اسم المنتج | AI18: ='QC Deviation Record Hall 3'!E4 -> 0 | AJ18: ='QC Deviation Record Hall 3'!M4 -> 0 | AK18: ='QC Deviation Record Hall 3'!U4 -> 0 | AL18: ='QC Deviation Record Hall 3'!AC4 -> 0 | AM18: ='QC Deviation Record Hall 3'!AK4 -> 0 | AN18: ='QC Deviation Record Hall 3'!AS4 -> 0 | AO18: ='QC Deviation Record Hall 3'!BA4 -> 0 | AP18: ='QC Deviation Record Hall 3'!BI4 -> 0 | AQ18: ='QC Deviation Record Hall 3'!BQ4 -> 0 | AR18: ='QC Deviation Record Hall 3'!BY4 -> 0
C19: مدى الوزن | S19: مدى الوزن | AH19: مدى الوزن
C20: متوسط الوزن | D20: =IFERROR(AVERAGE('QC Record Production Hall 1'!L12:L14),"") | E20: =IFERROR(AVERAGE('QC Record Production Hall 1'!Z12:Z14),"") | F20: =IFERROR(AVERAGE('QC Record Production Hall 1'!AN12:AN14),"") | G20: =IFERROR(AVERAGE('QC Record Production Hall 1'!BB12:BB14),"") | H20: =IFERROR(AVERAGE('QC Record Production Hall 1'!J36:J38),"") | I20: =IFERROR(AVERAGE('QC Record Production Hall 1'!V36:V38),"") | J20: =IFERROR(AVERAGE('QC Record Production Hall 1'!AN36:AN38),"") | K20: =IFERROR(AVERAGE('QC Record Production Hall 1'!BB36:BB38),"") | L20: =IFERROR(AVERAGE('QC Record Production Hall 1'!J60:J62),"") | M20: =IFERROR(AVERAGE('QC Record Production Hall 1'!W60:W62),"") | N20: =IFERROR(AVERAGE('QC Record Production Hall 1'!AK60:AK62),"") | O20: =IFERROR(AVERAGE('QC Record Production Hall 1'!AX60:AX62),"") | S20: متوسط الوزن | T20: =IFERROR(AVERAGE('QC Record Production Hall 2'!J12:J14),"") | U20: =IFERROR(AVERAGE('QC Record Production Hall 2'!V12:V14),"") | V20: =IFERROR(AVERAGE('QC Record Production Hall 2'!AG12:AG14),"") | W20: =IFERROR(AVERAGE('QC Record Production Hall 2'!AR12:AR14),) -> 0 | X20: =IFERROR(AVERAGE('QC Record Production Hall 2'!L36:L38),"") | Y20: =IFERROR(AVERAGE('QC Record Production Hall 2'!AD36:AD38),"") | Z20: =IFERROR(AVERAGE('QC Record Production Hall 2'!BC12:BC14),"") | AA20: =IFERROR(AVERAGE('QC Record Production Hall 2'!BN12:BN14),"") | AB20: =IFERROR(AVERAGE('QC Record Production Hall 2'!AR36:AR38),"") | AC20: =IFERROR(AVERAGE('QC Record Production Hall 2'!BC36:BC38),"") | AH20: متوسط الوزن | AI20: =IFERROR(AVERAGE('QC Record Production Hall 3'!J12:J14),"") | AJ20: =IFERROR(AVERAGE('QC Record Production Hall 3'!V12:V14),"") | AK20: =IFERROR(AVERAGE('QC Record Production Hall 3'!AG12:AG14),"") | AL20: =IFERROR(AVERAGE('QC Record Production Hall 3'!AR12:AR14),) -> 0 | AM20: =IFERROR(AVERAGE('QC Record Production Hall 3'!L36:L38),"") | AN20: =IFERROR(AVERAGE('QC Record Production Hall 3'!AD36:AD38),"") | AO20: =IFERROR(AVERAGE('QC Record Production Hall 3'!BC12:BC14),"") | AP20: =IFERROR(AVERAGE('QC Record Production Hall 3'!BN12:BN14),"") | AQ20: =IFERROR(AVERAGE('QC Record Production Hall 3'!AR36:AR38),"") | AR20: =IFERROR(AVERAGE('QC Record Production Hall 3'!BC36:BC38),"")
A21: الثلاثاء | C21: اسم المنتج | D21: ='QC Deviation Record Hall 1 '!F5 -> 0 | E21: ='QC Deviation Record Hall 1 '!N5 -> 0 | F21: ='QC Deviation Record Hall 1 '!V5 -> 0 | G21: ='QC Deviation Record Hall 1 '!AD5 -> 0 | H21: ='QC Deviation Record Hall 1 '!AL5 -> 0 | I21: ='QC Deviation Record Hall 1 '!AT5 -> 0 | J21: ='QC Deviation Record Hall 1 '!BB5 -> 0 | K21: ='QC Deviation Record Hall 1 '!BJ5 -> 0 | L21: ='QC Deviation Record Hall 1 '!BR5 -> 0 | M21: ='QC Deviation Record Hall 1 '!BZ5 -> 0 | N21: ='QC Deviation Record Hall 1 '!CH5 -> 0 | O21: ='QC Deviation Record Hall 1 '!CP5 -> 0 | Q21: الثلاثاء | S21: اسم المنتج | T21: ='QC Deviation Record Hall 2'!F4 -> 0 | U21: ='QC Deviation Record Hall 2'!N4 -> 0 | V21: ='QC Deviation Record Hall 2'!V4 -> 0 | W21: ='QC Deviation Record Hall 2'!AD4 -> 0 | X21: ='QC Deviation Record Hall 2'!AL4 -> 0 | Y21: ='QC Deviation Record Hall 2'!AT4 -> 0 | Z21: ='QC Deviation Record Hall 2'!BB4 -> 0 | AA21: ='QC Deviation Record Hall 2'!BJ4 -> 0 | AB21: ='QC Deviation Record Hall 2'!BR4 -> 0 | AC21: ='QC Deviation Record Hall 2'!BZ4 -> 0 | AF21: الثلاثاء | AH21: اسم المنتج | AI21: ='QC Deviation Record Hall 3'!F4 -> 0 | AJ21: ='QC Deviation Record Hall 3'!N4 -> 0 | AK21: ='QC Deviation Record Hall 3'!V4 -> 0 | AL21: ='QC Deviation Record Hall 3'!AD4 -> 0 | AM21: ='QC Deviation Record Hall 3'!AL4 -> 0 | AN21: ='QC Deviation Record Hall 3'!AT4 -> 0 | AO21: ='QC Deviation Record Hall 3'!BB4 -> 0 | AP21: ='QC Deviation Record Hall 3'!BJ4 -> 0 | AQ21: ='QC Deviation Record Hall 3'!BR4 -> 0 | AR21: ='QC Deviation Record Hall 3'!BZ4 -> 0
C22: مدى الوزن | S22: مدى الوزن | AH22: مدى الوزن
C23: متوسط الوزن | D23: =IFERROR(AVERAGE('QC Record Production Hall 1'!L15:L17),"") | E23: =IFERROR(AVERAGE('QC Record Production Hall 1'!Z15:Z17),"") | F23: =IFERROR(AVERAGE('QC Record Production Hall 1'!AN15:AN17),"") | G23: =IFERROR(AVERAGE('QC Record Production Hall 1'!BB15:BB17),"") | H23: =IFERROR(AVERAGE('QC Record Production Hall 1'!J39:J41),"") | I23: =IFERROR(AVERAGE('QC Record Production Hall 1'!V39:V41),"") | J23: =IFERROR(AVERAGE('QC Record Production Hall 1'!AN39:AN41),"") | K23: =IFERROR(AVERAGE('QC Record Production Hall 1'!BB39:BB41),"") | L23: =IFERROR(AVERAGE('QC Record Production Hall 1'!J63:J65),"") | M23: =IFERROR(AVERAGE('QC Record Production Hall 1'!W63:W65),"") | N23: =IFERROR(AVERAGEA('QC Record Production Hall 1'!AK63:AK65),"") | O23: =IFERROR(AVERAGE('QC Record Production Hall 1'!AX63:AX65),"") | S23: متوسط الوزن | T23: =IFERROR(AVERAGE('QC Record Production Hall 2'!J15:J17),"") | U23: =IFERROR(AVERAGE('QC Record Production Hall 2'!V15:V17),"") | V23: =IFERROR(AVERAGE('QC Record Production Hall 2'!AG15:AG17),"") | W23: =IFERROR(AVERAGE('QC Record Production Hall 2'!AR15:AR17),"") | X23: =IFERROR(AVERAGE('QC Record Production Hall 2'!L39:L41),"") | Y23: =IFERROR(AVERAGE('QC Record Production Hall 2'!AD39:AD41),"") | Z23: =IFERROR(AVERAGE('QC Record Production Hall 2'!BC15:BC17),"") | AA23: =IFERROR(AVERAGE('QC Record Production Hall 2'!BN15:BN17),"") | AB23: =IFERROR(AVERAGE('QC Record Production Hall 2'!AR39:AR41),"") | AC23: =IFERROR(AVERAGE('QC Record Production Hall 2'!BC39:BC41),"") | AH23: متوسط الوزن | AI23: =IFERROR(AVERAGE('QC Record Production Hall 3'!J15:J17),"") | AJ23: =IFERROR(AVERAGE('QC Record Production Hall 3'!V15:V17),"") | AK23: =IFERROR(AVERAGE('QC Record Production Hall 3'!AG15:AG17),"") | AL23: =IFERROR(AVERAGE('QC Record Production Hall 3'!AR15:AR17),"") | AM23: =IFERROR(AVERAGE('QC Record Production Hall 3'!L39:L41),"") | AN23: =IFERROR(AVERAGE('QC Record Production Hall 3'!AD39:AD41),"") | AO23: =IFERROR(AVERAGE('QC Record Production Hall 3'!BC15:BC17),"") | AP23: =IFERROR(AVERAGE('QC Record Production Hall 3'!BN15:BN17),"") | AQ23: =IFERROR(AVERAGE('QC Record Production Hall 3'!AR39:AR41),"") | AR23: =IFERROR(AVERAGE('QC Record Production Hall 3'!BC39:BC41),"")
A24: الأربعاء | C24: اسم المنتج | D24: ='QC Deviation Record Hall 1 '!G5 -> 0 | E24: ='QC Deviation Record Hall 1 '!O5 -> 0 | F24: ='QC Deviation Record Hall 1 '!W5 -> 0 | G24: ='QC Deviation Record Hall 1 '!AE5 -> 0 | H24: ='QC Deviation Record Hall 1 '!AM5 -> 0 | I24: ='QC Deviation Record Hall 1 '!AU5 -> 0 | J24: ='QC Deviation Record Hall 1 '!BC5 -> 0 | K24: ='QC Deviation Record Hall 1 '!BK5 -> 0 | L24: ='QC Deviation Record Hall 1 '!BS5 -> 0 | M24: ='QC Deviation Record Hall 1 '!CA5 -> 0 | N24: ='QC Deviation Record Hall 1 '!CI5 -> 0 | O24: ='QC Deviation Record Hall 1 '!CQ5 -> 0 | Q24: الأربعاء | S24: اسم المنتج | T24: ='QC Deviation Record Hall 2'!G4 -> 0 | U24: ='QC Deviation Record Hall 2'!O4 -> 0 | V24: ='QC Deviation Record Hall 2'!W4 -> 0 | W24: ='QC Deviation Record Hall 2'!AE4 -> 0 | X24: ='QC Deviation Record Hall 2'!AM4 -> 0 | Y24: ='QC Deviation Record Hall 2'!AU4 -> 0 | Z24: ='QC Deviation Record Hall 2'!BC4 -> 0 | AA24: ='QC Deviation Record Hall 2'!BK4 -> 0 | AB24: ='QC Deviation Record Hall 2'!BS4 -> 0 | AC24: ='QC Deviation Record Hall 2'!CA4 -> 0 | AF24: الأربعاء | AH24: اسم المنتج | AI24: ='QC Deviation Record Hall 3'!G4 -> 0 | AJ24: ='QC Deviation Record Hall 3'!O4 -> 0 | AK24: ='QC Deviation Record Hall 3'!W4 -> 0 | AL24: ='QC Deviation Record Hall 3'!AE4 -> 0 | AM24: ='QC Deviation Record Hall 3'!AM4 -> 0 | AN24: ='QC Deviation Record Hall 3'!AU4 -> 0 | AO24: ='QC Deviation Record Hall 3'!BC4 -> 0 | AP24: ='QC Deviation Record Hall 3'!BK4 -> 0 | AQ24: ='QC Deviation Record Hall 3'!BS4 -> 0 | AR24: ='QC Deviation Record Hall 3'!CA4 -> 0
C25: مدى الوزن | S25: مدى الوزن | AH25: مدى الوزن
C26: متوسط الوزن | D26: =IFERROR(AVERAGE('QC Record Production Hall 1'!L18:L20),"") | E26: =IFERROR(AVERAGE('QC Record Production Hall 1'!Z18:Z20),"") | F26: =IFERROR(AVERAGE('QC Record Production Hall 1'!AN18:AN20),"") | G26: =IFERROR(AVERAGE('QC Record Production Hall 1'!BB18:BB20),"") | H26: =IFERROR(AVERAGE('QC Record Production Hall 1'!J42:J44),"") | I26: =IFERROR(AVERAGE('QC Record Production Hall 1'!V42:V44),"") | J26: =IFERROR(AVERAGE('QC Record Production Hall 1'!AN42:AN44),"") | K26: =IFERROR(AVERAGE('QC Record Production Hall 1'!BB42:BB44),"") | L26: =IFERROR(AVERAGE('QC Record Production Hall 1'!J66:J68),"") | M26: =IFERROR(AVERAGE('QC Record Production Hall 1'!W66:W68),"") | N26: =IFERROR(AVERAGE('QC Record Production Hall 1'!AK66:AK68),"") | O26: =IFERROR(AVERAGE('QC Record Production Hall 1'!AX66:AX68),"") | S26: متوسط الوزن | T26: =IFERROR(AVERAGE('QC Record Production Hall 2'!J18:J20),"") | U26: =IFERROR(AVERAGE('QC Record Production Hall 2'!V18:V20),"") | V26: =IFERROR(AVERAGE('QC Record Production Hall 2'!AG18:AG20),"") | W26: =IFERROR(AVERAGE('QC Record Production Hall 2'!AR18:AR20),"") | X26: =IFERROR(AVERAGE('QC Record Production Hall 2'!L42:L44),"") | Y26: =IFERROR(AVERAGE('QC Record Production Hall 2'!AD42:AD44),"") | Z26: =IFERROR(AVERAGE('QC Record Production Hall 2'!BC18:BC20),"") | AA26: =IFERROR(AVERAGE('QC Record Production Hall 2'!BN18:BN20),"") | AB26: =IFERROR(AVERAGE('QC Record Production Hall 2'!AR42:AR44),"") | AC26: =IFERROR(AVERAGE('QC Record Production Hall 2'!BC42:BC44),"") | AH26: متوسط الوزن | AI26: =IFERROR(AVERAGE('QC Record Production Hall 3'!J18:J20),"") | AJ26: =IFERROR(AVERAGE('QC Record Production Hall 3'!V18:V20),"") | AK26: =IFERROR(AVERAGE('QC Record Production Hall 3'!AG18:AG20),"") | AL26: =IFERROR(AVERAGE('QC Record Production Hall 3'!AR18:AR20),"") | AM26: =IFERROR(AVERAGE('QC Record Production Hall 3'!L42:L44),"") | AN26: =IFERROR(AVERAGE('QC Record Production Hall 3'!AD42:AD44),"") | AO26: =IFERROR(AVERAGE('QC Record Production Hall 3'!BC18:BC20),"") | AP26: =IFERROR(AVERAGE('QC Record Production Hall 3'!BN18:BN20),"") | AQ26: =IFERROR(AVERAGE('QC Record Production Hall 3'!AR42:AR44),"") | AR26: =IFERROR(AVERAGE('QC Record Production Hall 3'!BC42:BC44),"")
A27: الخميس | C27: اسم المنتج | D27: ='QC Deviation Record Hall 1 '!H5 -> 0 | E27: ='QC Deviation Record Hall 1 '!P5 -> 0 | F27: ='QC Deviation Record Hall 1 '!X5 -> 0 | G27: ='QC Deviation Record Hall 1 '!AF5 -> 0 | H27: ='QC Deviation Record Hall 1 '!AN5 -> 0 | I27: ='QC Deviation Record Hall 1 '!AV5 -> 0 | J27: ='QC Deviation Record Hall 1 '!BD5 -> 0 | K27: ='QC Deviation Record Hall 1 '!BL5 -> 0 | L27: ='QC Deviation Record Hall 1 '!BT5 -> 0 | M27: ='QC Deviation Record Hall 1 '!CB5 -> 0 | N27: ='QC Deviation Record Hall 1 '!CJ5 -> 0 | O27: ='QC Deviation Record Hall 1 '!CR5 -> 0 | Q27: الخميس | S27: اسم المنتج | T27: ='QC Deviation Record Hall 2'!H4 -> 0 | U27: ='QC Deviation Record Hall 2'!P4 -> 0 | V27: ='QC Deviation Record Hall 2'!X4 -> 0 | W27: ='QC Deviation Record Hall 2'!AF4 -> 0 | X27: ='QC Deviation Record Hall 2'!AN4 -> 0 | Y27: ='QC Deviation Record Hall 2'!AV4 -> 0 | Z27: ='QC Deviation Record Hall 2'!BD4 -> 0 | AA27: ='QC Deviation Record Hall 2'!BL4 -> 0 | AB27: ='QC Deviation Record Hall 2'!BT4 -> 0 | AC27: ='QC Deviation Record Hall 2'!CB4 -> 0 | AF27: الخميس | AH27: اسم المنتج | AI27: ='QC Deviation Record Hall 3'!H4 -> 0 | AJ27: ='QC Deviation Record Hall 3'!P4 -> 0 | AK27: ='QC Deviation Record Hall 3'!X4 -> 0 | AL27: ='QC Deviation Record Hall 3'!AF4 -> 0 | AM27: ='QC Deviation Record Hall 3'!AN4 -> 0 | AN27: ='QC Deviation Record Hall 3'!AV4 -> 0 | AO27: ='QC Deviation Record Hall 3'!BD4 -> 0 | AP27: ='QC Deviation Record Hall 3'!BL4 -> 0 | AQ27: ='QC Deviation Record Hall 3'!BT4 -> 0 | AR27: ='QC Deviation Record Hall 3'!CB4 -> 0
C28: مدى الوزن | S28: مدى الوزن | AH28: مدى الوزن
C29: متوسط الوزن | D29: =IFERROR(AVERAGE('QC Record Production Hall 1'!L21:L23),"") | E29: =IFERROR(AVERAGE('QC Record Production Hall 1'!Z21:Z23),"") | F29: =IFERROR(AVERAGE('QC Record Production Hall 1'!AN21:AN23),"") | G29: =IFERROR(AVERAGE('QC Record Production Hall 1'!BB21:BB23),"") | H29: =IFERROR(AVERAGE('QC Record Production Hall 1'!J45:J47),"") | I29: =IFERROR(AVERAGE('QC Record Production Hall 1'!V45:V47),"") | J29: =IFERROR(AVERAGE('QC Record Production Hall 1'!AN45:AN47),"") | K29: =IFERROR(AVERAGE('QC Record Production Hall 1'!BB45:BB47),"") | L29: =IFERROR(AVERAGE('QC Record Production Hall 1'!J69:J71),"") | M29: =IFERROR(AVERAGE('QC Record Production Hall 1'!W69:W71),"") | N29: =IFERROR(AVERAGE('QC Record Production Hall 1'!AK69:AK71),"") | O29: =IFERROR(AVERAGE('QC Record Production Hall 1'!AX69:AX71),"") | S29: متوسط الوزن | T29: =IFERROR(AVERAGE('QC Record Production Hall 2'!J21:J23),"") | U29: =IFERROR(AVERAGE('QC Record Production Hall 2'!V21:V23),"") | V29: =IFERROR(AVERAGE('QC Record Production Hall 2'!AG21:AG23),"") | W29: =IFERROR(AVERAGE('QC Record Production Hall 2'!AR21:AR23),"") | X29: =IFERROR(AVERAGE('QC Record Production Hall 2'!L45:L47),"") | Y29: =IFERROR(AVERAGE('QC Record Production Hall 2'!AD45:AD47),"") | Z29: =IFERROR(AVERAGE('QC Record Production Hall 2'!BC21:BC23),"") | AA29: =IFERROR(AVERAGE('QC Record Production Hall 2'!BN21:BN23),"") | AB29: =IFERROR(AVERAGE('QC Record Production Hall 2'!AR45:AR47),"") | AC29: =IFERROR(AVERAGE('QC Record Production Hall 2'!BC45:BC47),"") | AH29: متوسط الوزن | AI29: =IFERROR(AVERAGE('QC Record Production Hall 3'!J21:J23),"") | AJ29: =IFERROR(AVERAGE('QC Record Production Hall 3'!V21:V23),"") | AK29: =IFERROR(AVERAGE('QC Record Production Hall 3'!AG21:AG23),"") | AL29: =IFERROR(AVERAGE('QC Record Production Hall 3'!AR21:AR23),"") | AM29: =IFERROR(AVERAGE('QC Record Production Hall 3'!L45:L47),"") | AN29: =IFERROR(AVERAGE('QC Record Production Hall 3'!AD45:AD47),"") | AO29: =IFERROR(AVERAGE('QC Record Production Hall 3'!BC21:BC23),"") | AP29: =IFERROR(AVERAGE('QC Record Production Hall 3'!BN21:BN23),"") | AQ29: =IFERROR(AVERAGE('QC Record Production Hall 3'!AR45:AR47),"") | AR29: =IFERROR(AVERAGE('QC Record Production Hall 3'!BC45:BC47),"")
A30: الجمعة | C30: اسم المنتج | D30: ='QC Deviation Record Hall 1 '!I5 -> 0 | E30: ='QC Deviation Record Hall 1 '!Q5 -> 0 | F30: ='QC Deviation Record Hall 1 '!Y5 -> 0 | G30: ='QC Deviation Record Hall 1 '!AG5 -> 0 | H30: ='QC Deviation Record Hall 1 '!AO5 -> 0 | I30: ='QC Deviation Record Hall 1 '!AW5 -> 0 | J30: ='QC Deviation Record Hall 1 '!BE5 -> 0 | K30: ='QC Deviation Record Hall 1 '!BM5 -> 0 | L30: ='QC Deviation Record Hall 1 '!BU5 -> 0 | M30: ='QC Deviation Record Hall 1 '!CC5 -> 0 | N30: ='QC Deviation Record Hall 1 '!CK5 -> 0 | O30: ='QC Deviation Record Hall 1 '!CS5 -> 0 | Q30: الجمعة | S30: اسم المنتج | T30: ='QC Deviation Record Hall 2'!I4 -> 0 | U30: ='QC Deviation Record Hall 2'!Q4 -> 0 | V30: ='QC Deviation Record Hall 2'!Y4 -> 0 | W30: ='QC Deviation Record Hall 2'!AG4 -> 0 | X30: ='QC Deviation Record Hall 2'!AO4 -> 0 | Y30: ='QC Deviation Record Hall 2'!AW4 -> 0 | Z30: ='QC Deviation Record Hall 2'!BE4 -> 0 | AA30: ='QC Deviation Record Hall 2'!BM4 -> 0 | AB30: ='QC Deviation Record Hall 2'!BU4 -> 0 | AC30: ='QC Deviation Record Hall 2'!CC4 -> 0 | AF30: الجمعة | AH30: اسم المنتج | AI30: ='QC Deviation Record Hall 3'!I4 -> 0 | AJ30: ='QC Deviation Record Hall 3'!Q4 -> 0 | AK30: ='QC Deviation Record Hall 3'!Y4 -> 0 | AL30: ='QC Deviation Record Hall 3'!AG4 -> 0 | AM30: ='QC Deviation Record Hall 3'!AO4 -> 0 | AN30: ='QC Deviation Record Hall 3'!AW4 -> 0 | AO30: ='QC Deviation Record Hall 3'!BE4 -> 0 | AP30: ='QC Deviation Record Hall 3'!BM4 -> 0 | AQ30: ='QC Deviation Record Hall 3'!BU4 -> 0 | AR30: ='QC Deviation Record Hall 3'!CC4 -> 0
C31: مدى الوزن | S31: مدى الوزن | AH31: مدى الوزن
C32: متوسط الوزن | D32: =IFERROR(AVERAGE('QC Record Production Hall 1'!L3:L5),"") | E32: =IFERROR(AVERAGE('QC Record Production Hall 1'!Z3:Z5),"") | F32: =IFERROR(AVERAGE('QC Record Production Hall 1'!AN3:AN5),"") | G32: =IFERROR(AVERAGE('QC Record Production Hall 1'!BB3:BB5),"") | H32: =IFERROR(AVERAGE('QC Record Production Hall 1'!J27:J29),"") | I32: =IFERROR(AVERAGE('QC Record Production Hall 1'!V27:V29),"") | J32: =IFERROR(AVERAGE('QC Record Production Hall 1'!AN27:AN29),"") | K32: =IFERROR(AVERAGE('QC Record Production Hall 1'!BB27:BB29),"") | L32: =IFERROR(AVERAGE('QC Record Production Hall 1'!J51:J53),"") | M32: =IFERROR(AVERAGE('QC Record Production Hall 1'!W51:W53),"") | N32: =IFERROR(AVERAGE('QC Record Production Hall 1'!AK51:AK53),"") | O32: =IFERROR(AVERAGE('QC Record Production Hall 1'!AX51:AX53),"") | S32: متوسط الوزن | T32: =IFERROR(AVERAGE('QC Record Production Hall 2'!J3:J5),"") | U32: =IFERROR(AVERAGE('QC Record Production Hall 2'!V3:V5),"") | V32: =IFERROR(AVERAGE('QC Record Production Hall 2'!AG3:AG5),"") | W32: =IFERROR(AVERAGE('QC Record Production Hall 2'!AR3:AR5),"") | X32: =IFERROR(AVERAGE('QC Record Production Hall 2'!L27:L29),"") | Y32: =IFERROR(AVERAGE('QC Record Production Hall 2'!AD27:AD29),"") | Z32: =IFERROR(AVERAGE('QC Record Production Hall 2'!BC3:BC5),"") | AA32: =IFERROR(AVERAGE('QC Record Production Hall 2'!BN3:BN5),"") | AB32: =IFERROR(AVERAGE('QC Record Production Hall 2'!AR27:AR29),"") | AC32: =IFERROR(AVERAGE('QC Record Production Hall 2'!BC27:BC29),"") | AH32: متوسط الوزن | AI32: =IFERROR(AVERAGE('QC Record Production Hall 3'!J3:J5),"") | AJ32: =IFERROR(AVERAGE('QC Record Production Hall 3'!V3:V5),"") | AK32: =IFERROR(AVERAGE('QC Record Production Hall 3'!AG3:AG5),"") | AL32: =IFERROR(AVERAGE('QC Record Production Hall 3'!AR3:AR5),"") | AM32: =IFERROR(AVERAGE('QC Record Production Hall 3'!L27:L29),"") | AN32: =IFERROR(AVERAGE('QC Record Production Hall 3'!AD27:AD29),"") | AO32: =IFERROR(AVERAGE('QC Record Production Hall 3'!BC3:BC5),"") | AP32: =IFERROR(AVERAGE('QC Record Production Hall 3'!BN3:BN5),"") | AQ32: =IFERROR(AVERAGE('QC Record Production Hall 3'!AR27:AR29),"") | AR32: =IFERROR(AVERAGE('QC Record Production Hall 3'!BC27:BC29),"")
A33: Code | B33: Defect العيب | C33: Tolerance | D33: M1-1 | E33: M2-1 | F33: M3-2 | G33: M4-2 | H33: M5-3 | I33: M6-3 | J33: M7-3 | K33: M8-4 | L33: M9-5 | M33: M10-6 | N33: M10-6 | O33: M18-13 | Q33: Code | R33: Defect العيب | S33: Tolerance | T33: M11-7 | U33: M12-7 | V33: M13-8 | W33: M13-8 | X33: M14-9 | Y33: M15-10 | Z33: M16-11 | AA33: M16-11 | AB33: M17-12 | AC33: M17-12 | AF33: Code | AG33: Defect العيب | AH33: Tolerance | AI33: M11-7 | AJ33: M12-7 | AK33: M13-8 | AL33: M13-8 | AM33: M14-9 | AN33: M15-10 | AO33: M16-11 | AP33: M16-11 | AQ33: M17-12 | AR33: M17-12
A34: {=INDEX('QC Deviation Record Hall 1 '!$A$120:$A$221,MATCH(Table7[[#This Row],[Defect العيب]],'QC Deviation Record Hall 1 '!$B$120:$B$221,0))} -> AD01 | B34: {=INDEX('QC Deviation Record Hall 1 '!$B$120:$B$221,MATCH(LARGE('QC Deviation Record Hall 1 '!$O$120:$O$221-ROW('QC Deviation Record Hall 1 '!$O$120:$O$221)/10000000,ROW(A1)),'QC Deviation Record Hall 1 '!$O$120:$O$221-ROW('QC Deviation Record Hall 1 '!$O$120:$O$221)/10000000,0))} -> تكتل الإضافات في جزء واحد | D34: {=INDEX('QC Deviation Record Hall 1 '!$C$120:$C$221,MATCH(Table7[[#This Row],[Defect العيب]],'QC Deviation Record Hall 1 '!$B$120:$B$221,0))} | E34: {=INDEX('QC Deviation Record Hall 1 '!$D$120:$D$221,MATCH(Table7[[#This Row],[Defect العيب]],'QC Deviation Record Hall 1 '!$B$120:$B$221,0))} | F34: {=INDEX('QC Deviation Record Hall 1 '!$E$120:$E$221,MATCH(Table7[[#This Row],[Defect العيب]],'QC Deviation Record Hall 1 '!$B$120:$B$221,0))} | G34: {=INDEX('QC Deviation Record Hall 1 '!$F$120:$F$221,MATCH(Table7[[#This Row],[Defect العيب]],'QC Deviation Record Hall 1 '!$B$120:$B$221,0))} | H34: {=INDEX('QC Deviation Record Hall 1 '!$G$120:$G$221,MATCH(Table7[[#This Row],[Defect العيب]],'QC Deviation Record Hall 1 '!$B$120:$B$221,0))} | I34: {=INDEX('QC Deviation Record Hall 1 '!$H$120:$H$221,MATCH(Table7[[#This Row],[Defect العيب]],'QC Deviation Record Hall 1 '!$B$120:$B$221,0))} | J34: {=INDEX('QC Deviation Record Hall 1 '!$I$120:$I$221,MATCH(Table7[[#This Row],[Defect العيب]],'QC Deviation Record Hall 1 '!$B$120:$B$221,0))} | K34: {=INDEX('QC Deviation Record Hall 1 '!$J$120:$J$221,MATCH(Table7[[#This Row],[Defect العيب]],'QC Deviation Record Hall 1 '!$B$120:$B$221,0))} | L34: {=INDEX('QC Deviation Record Hall 1 '!$K$120:$K$221,MATCH(Table7[[#This Row],[Defect العيب]],'QC Deviation Record Hall 1 '!$B$120:$B$221,0))} | M34: {=INDEX('QC Deviation Record Hall 1 '!$L$120:$L$221,MATCH(Table7[[#This Row],[Defect العيب]],'QC Deviation Record Hall 1 '!$B$120:$B$221,0))} | N34: {=INDEX('QC Deviation Record Hall 1 '!$M$120:$M$221,MATCH(Table7[[#This Row],[Defect العيب]],'QC Deviation Record Hall 1 '!$B$120:$B$221,0))} | O34: {=INDEX('QC Deviation Record Hall 1 '!$N$120:$N$221,MATCH(Table7[[#This Row],[Defect العيب]],'QC Deviation Record Hall 1 '!$B$120:$B$221,0))} | Q34: {=INDEX('QC Deviation Record Hall 2'!$A$119:$A$220,MATCH(Table11[[#This Row],[Defect العيب]],'QC Deviation Record Hall 2'!$B$119:$B$220,0))} -> AD01 | R34: {=INDEX('QC Deviation Record Hall 2'!$B$119:$B$220,MATCH(LARGE('QC Deviation Record Hall 2'!$M$119:$M$220-ROW('QC Deviation Record Hall 2'!$M$119:$M$220)/10000000,ROW(A1)),'QC Deviation Record Hall 2'!$M$119:$M$220-ROW('QC Deviation Record Hall 2'!$M$119:$M$220)/10000000,0))} -> تكتل الإضافات في جزء واحد | T34: {=INDEX('QC Deviation Record Hall 2'!$C$119:$C$220,MATCH(Table11[[#This Row],[Defect العيب]],'QC Deviation Record Hall 2'!$B$119:$B$220,0))} | U34: {=INDEX('QC Deviation Record Hall 2'!$D$119:$D$220,MATCH(Table11[[#This Row],[Defect العيب]],'QC Deviation Record Hall 2'!$B$119:$B$220,0))} | V34: {=INDEX('QC Deviation Record Hall 2'!$E$119:$E$220,MATCH(Table11[[#This Row],[Defect العيب]],'QC Deviation Record Hall 2'!$B$119:$B$220,0))} | W34: {=INDEX('QC Deviation Record Hall 2'!$F$119:$F$220,MATCH(Table11[[#This Row],[Defect العيب]],'QC Deviation Record Hall 2'!$B$119:$B$220,0))} | X34: {=INDEX('QC Deviation Record Hall 2'!$G$119:$G$220,MATCH(Table11[[#This Row],[Defect العيب]],'QC Deviation Record Hall 2'!$B$119:$B$220,0))} | Y34: {=INDEX('QC Deviation Record Hall 2'!$H$119:$H$220,MATCH(Table11[[#This Row],[Defect العيب]],'QC Deviation Record Hall 2'!$B$119:$B$220,0))} | Z34: {=INDEX('QC Deviation Record Hall 2'!$I$119:$I$220,MATCH(Table11[[#This Row],[Defect العيب]],'QC Deviation Record Hall 2'!$B$119:$B$220,0))} | AA34: {=INDEX('QC Deviation Record Hall 2'!$J$119:$J$220,MATCH(Table11[[#This Row],[Defect العيب]],'QC Deviation Record Hall 2'!$B$119:$B$220,0))} | AB34: {=INDEX('QC Deviation Record Hall 2'!$K$119:$K$220,MATCH(Table11[[#This Row],[Defect العيب]],'QC Deviation Record Hall 2'!$B$119:$B$220,0))} | AC34: {=INDEX('QC Deviation Record Hall 2'!$L$119:$L$220,MATCH(Table11[[#This Row],[Defect العيب]],'QC Deviation Record Hall 2'!$B$119:$B$220,0))} | AF34: {=INDEX('QC Deviation Record Hall 3'!$A$119:$A$220,MATCH(Table111[[#This Row],[Defect العيب]],'QC Deviation Record Hall 3'!$B$119:$B$220,0))} -> AD01 | AG34: {=INDEX('QC Deviation Record Hall 3'!$B$119:$B$220,MATCH(LARGE('QC Deviation Record Hall 3'!$M$119:$M$220-ROW('QC Deviation Record Hall 3'!$M$119:$M$220)/10000000,ROW(A1)),'QC Deviation Record Hall 3'!$M$119:$M$220-ROW('QC Deviation Record Hall 3'!$M$119:$M$220)/10000000,0))} -> تكتل الإضافات في جزء واحد | AI34: {=INDEX('QC Deviation Record Hall 3'!$C$119:$C$220,MATCH(Table111[[#This Row],[Defect العيب]],'QC Deviation Record Hall 3'!$B$119:$B$220,0))} | AJ34: {=INDEX('QC Deviation Record Hall 3'!$D$119:$D$220,MATCH(Table111[[#This Row],[Defect العيب]],'QC Deviation Record Hall 3'!$B$119:$B$220,0))} | AK34: {=INDEX('QC Deviation Record Hall 3'!$E$119:$E$220,MATCH(Table111[[#This Row],[Defect العيب]],'QC Deviation Record Hall 3'!$B$119:$B$220,0))} | AL34: {=INDEX('QC Deviation Record Hall 3'!$F$119:$F$220,MATCH(Table111[[#This Row],[Defect العيب]],'QC Deviation Record Hall 3'!$B$119:$B$220,0))} | AM34: {=INDEX('QC Deviation Record Hall 3'!$G$119:$G$220,MATCH(Table111[[#This Row],[Defect العيب]],'QC Deviation Record Hall 3'!$B$119:$B$220,0))} | AN34: {=INDEX('QC Deviation Record Hall 3'!$H$119:$H$220,MATCH(Table111[[#This Row],[Defect العيب]],'QC Deviation Record Hall 3'!$B$119:$B$220,0))} | AO34: {=INDEX('QC Deviation Record Hall 3'!$I$119:$I$220,MATCH(Table111[[#This Row],[Defect العيب]],'QC Deviation Record Hall 3'!$B$119:$B$220,0))} | AP34: {=INDEX('QC Deviation Record Hall 3'!$J$119:$J$220,MATCH(Table111[[#This Row],[Defect العيب]],'QC Deviation Record Hall 3'!$B$119:$B$220,0))} | AQ34: {=INDEX('QC Deviation Record Hall 3'!$K$119:$K$220,MATCH(Table111[[#This Row],[Defect العيب]],'QC Deviation Record Hall 3'!$B$119:$B$220,0))} | AR34: {=INDEX('QC Deviation Record Hall 3'!$L$119:$L$220,MATCH(Table111[[#This Row],[Defect العيب]],'QC Deviation Record Hall 3'!$B$119:$B$220,0))}
A35: {=INDEX('QC Deviation Record Hall 1 '!$A$120:$A$221,MATCH(Table7[[#This Row],[Defect العيب]],'QC Deviation Record Hall 1 '!$B$120:$B$221,0))} -> AD02 | B35: {=INDEX('QC Deviation Record Hall 1 '!$B$120:$B$221,MATCH(LARGE('QC Deviation Record Hall 1 '!$O$120:$O$221-ROW('QC Deviation Record Hall 1 '!$O$120:$O$221)/10000000,ROW(A2)),'QC Deviation Record Hall 1 '!$O$120:$O$221-ROW('QC Deviation Record Hall 1 '!$O$120:$O$221)/10000000,0))} -> إضافات رطبة/مكسورة زيادة | D35: {=INDEX('QC Deviation Record Hall 1 '!$C$120:$C$221,MATCH(Table7[[#This Row],[Defect العيب]],'QC Deviation Record Hall 1 '!$B$120:$B$221,0))} | E35: {=INDEX('QC Deviation Record Hall 1 '!$D$120:$D$221,MATCH(Table7[[#This Row],[Defect العيب]],'QC Deviation Record Hall 1 '!$B$120:$B$221,0))} | F35: {=INDEX('QC Deviation Record Hall 1 '!$E$120:$E$221,MATCH(Table7[[#This Row],[Defect العيب]],'QC Deviation Record Hall 1 '!$B$120:$B$221,0))} | G35: {=INDEX('QC Deviation Record Hall 1 '!$F$120:$F$221,MATCH(Table7[[#This Row],[Defect العيب]],'QC Deviation Record Hall 1 '!$B$120:$B$221,0))} | H35: {=INDEX('QC Deviation Record Hall 1 '!$G$120:$G$221,MATCH(Table7[[#This Row],[Defect العيب]],'QC Deviation Record Hall 1 '!$B$120:$B$221,0))} | I35: {=INDEX('QC Deviation Record Hall 1 '!$H$120:$H$221,MATCH(Table7[[#This Row],[Defect العيب]],'QC Deviation Record Hall 1 '!$B$120:$B$221,0))} | J35: {=INDEX('QC Deviation Record Hall 1 '!$I$120:$I$221,MATCH(Table7[[#This Row],[Defect العيب]],'QC Deviation Record Hall 1 '!$B$120:$B$221,0))} | K35: {=INDEX('QC Deviation Record Hall 1 '!$J$120:$J$221,MATCH(Table7[[#This Row],[Defect العيب]],'QC Deviation Record Hall 1 '!$B$120:$B$221,0))} | L35: {=INDEX('QC Deviation Record Hall 1 '!$K$120:$K$221,MATCH(Table7[[#This Row],[Defect العيب]],'QC Deviation Record Hall 1 '!$B$120:$B$221,0))} | M35: {=INDEX('QC Deviation Record Hall 1 '!$L$120:$L$221,MATCH(Table7[[#This Row],[Defect العيب]],'QC Deviation Record Hall 1 '!$B$120:$B$221,0))} | N35: {=INDEX('QC Deviation Record Hall 1 '!$M$120:$M$221,MATCH(Table7[[#This Row],[Defect العيب]],'QC Deviation Record Hall 1 '!$B$120:$B$221,0))} | O35: {=INDEX('QC Deviation Record Hall 1 '!$N$120:$N$221,MATCH(Table7[[#This Row],[Defect العيب]],'QC Deviation Record Hall 1 '!$B$120:$B$221,0))} | Q35: {=INDEX('QC Deviation Record Hall 2'!$A$119:$A$220,MATCH(Table11[[#This Row],[Defect العيب]],'QC Deviation Record Hall 2'!$B$119:$B$220,0))} -> AD02 | R35: {=INDEX('QC Deviation Record Hall 2'!$B$119:$B$220,MATCH(LARGE('QC Deviation Record Hall 2'!$M$119:$M$220-ROW('QC Deviation Record Hall 2'!$M$119:$M$220)/10000000,ROW(A2)),'QC Deviation Record Hall 2'!$M$119:$M$220-ROW('QC Deviation Record Hall 2'!$M$119:$M$220)/10000000,0))} -> إضافات رطبة/مكسورة زيادة | T35: {=INDEX('QC Deviation Record Hall 2'!$C$119:$C$220,MATCH(Table11[[#This Row],[Defect العيب]],'QC Deviation Record Hall 2'!$B$119:$B$220,0))} | U35: {=INDEX('QC Deviation Record Hall 2'!$D$119:$D$220,MATCH(Table11[[#This Row],[Defect العيب]],'QC Deviation Record Hall 2'!$B$119:$B$220,0))} | V35: {=INDEX('QC Deviation Record Hall 2'!$E$119:$E$220,MATCH(Table11[[#This Row],[Defect العيب]],'QC Deviation Record Hall 2'!$B$119:$B$220,0))} | W35: {=INDEX('QC Deviation Record Hall 2'!$F$119:$F$220,MATCH(Table11[[#This Row],[Defect العيب]],'QC Deviation Record Hall 2'!$B$119:$B$220,0))} | X35: {=INDEX('QC Deviation Record Hall 2'!$G$119:$G$220,MATCH(Table11[[#This Row],[Defect العيب]],'QC Deviation Record Hall 2'!$B$119:$B$220,0))} | Y35: {=INDEX('QC Deviation Record Hall 2'!$H$119:$H$220,MATCH(Table11[[#This Row],[Defect العيب]],'QC Deviation Record Hall 2'!$B$119:$B$220,0))} | Z35: {=INDEX('QC Deviation Record Hall 2'!$I$119:$I$220,MATCH(Table11[[#This Row],[Defect العيب]],'QC Deviation Record Hall 2'!$B$119:$B$220,0))} | AA35: {=INDEX('QC Deviation Record Hall 2'!$J$119:$J$220,MATCH(Table11[[#This Row],[Defect العيب]],'QC Deviation Record Hall 2'!$B$119:$B$220,0))} | AB35: {=INDEX('QC Deviation Record Hall 2'!$K$119:$K$220,MATCH(Table11[[#This Row],[Defect العيب]],'QC Deviation Record Hall 2'!$B$119:$B$220,0))} | AC35: {=INDEX('QC Deviation Record Hall 2'!$L$119:$L$220,MATCH(Table11[[#This Row],[Defect العيب]],'QC Deviation Record Hall 2'!$B$119:$B$220,0))} | AF35: {=INDEX('QC Deviation Record Hall 3'!$A$119:$A$220,MATCH(Table111[[#This Row],[Defect العيب]],'QC Deviation Record Hall 3'!$B$119:$B$220,0))} -> AD02 | AG35: {=INDEX('QC Deviation Record Hall 3'!$B$119:$B$220,MATCH(LARGE('QC Deviation Record Hall 3'!$M$119:$M$220-ROW('QC Deviation Record Hall 3'!$M$119:$M$220)/10000000,ROW(A2)),'QC Deviation Record Hall 3'!$M$119:$M$220-ROW('QC Deviation Record Hall 3'!$M$119:$M$220)/10000000,0))} -> إضافات رطبة/مكسورة زيادة | AI35: {=INDEX('QC Deviation Record Hall 3'!$C$119:$C$220,MATCH(Table111[[#This Row],[Defect العيب]],'QC Deviation Record Hall 3'!$B$119:$B$220,0))} | AJ35: {=INDEX('QC Deviation Record Hall 3'!$D$119:$D$220,MATCH(Table111[[#This Row],[Defect العيب]],'QC Deviation Record Hall 3'!$B$119:$B$220,0))} | AK35: {=INDEX('QC Deviation Record Hall 3'!$E$119:$E$220,MATCH(Table111[[#This Row],[Defect العيب]],'QC Deviation Record Hall 3'!$B$119:$B$220,0))} | AL35: {=INDEX('QC Deviation Record Hall 3'!$F$119:$F$220,MATCH(Table111[[#This Row],[Defect العيب]],'QC Deviation Record Hall 3'!$B$119:$B$220,0))} | AM35: {=INDEX('QC Deviation Record Hall 3'!$G$119:$G$220,MATCH(Table111[[#This Row],[Defect العيب]],'QC Deviation Record Hall 3'!$B$119:$B$220,0))} | AN35: {=INDEX('QC Deviation Record Hall 3'!$H$119:$H$220,MATCH(Table111[[#This Row],[Defect العيب]],'QC Deviation Record Hall 3'!$B$119:$B$220,0))} | AO35: {=INDEX('QC Deviation Record Hall 3'!$I$119:$I$220,MATCH(Table111[[#This Row],[Defect العيب]],'QC Deviation Record Hall 3'!$B$119:$B$220,0))} | AP35: {=INDEX('QC Deviation Record Hall 3'!$J$119:$J$220,MATCH(Table111[[#This Row],[Defect العيب]],'QC Deviation Record Hall 3'!$B$119:$B$220,0))} | AQ35: {=INDEX('QC Deviation Record Hall 3'!$K$119:$K$220,MATCH(Table111[[#This Row],[Defect العيب]],'QC Deviation Record Hall 3'!$B$119:$B$220,0))} | AR35: {=INDEX('QC Deviation Record Hall 3'!$L$119:$L$220,MATCH(Table111[[#This Row],[Defect العيب]],'QC Deviation Record Hall 3'!$B$119:$B$220,0))}
A36: {=INDEX('QC Deviation Record Hall 1 '!$A$120:$A$221,MATCH(Table7[[#This Row],[Defect العيب]],'QC Deviation Record Hall 1 '!$B$120:$B$221,0))} -> AD02 | B36: {=INDEX('QC Deviation Record Hall 1 '!$B$120:$B$221,MATCH(LARGE('QC Deviation Record Hall 1 '!$O$120:$O$221-ROW('QC Deviation Record Hall 1 '!$O$120:$O$221)/10000000,ROW(A2)),'QC Deviation Record Hall 1 '!$O$120:$O$221-ROW('QC Deviation Record Hall 1 '!$O$120:$O$221)/10000000,0))} -> إضافات رطبة/مكسورة زيادة | D36: {=INDEX('QC Deviation Record Hall 1 '!$C$120:$C$221,MATCH(Table7[[#This Row],[Defect العيب]],'QC Deviation Record Hall 1 '!$B$120:$B$221,0))} | E36: {=INDEX('QC Deviation Record Hall 1 '!$D$120:$D$221,MATCH(Table7[[#This Row],[Defect العيب]],'QC Deviation Record Hall 1 '!$B$120:$B$221,0))} | F36: {=INDEX('QC Deviation Record Hall 1 '!$E$120:$E$221,MATCH(Table7[[#This Row],[Defect العيب]],'QC Deviation Record Hall 1 '!$B$120:$B$221,0))} | G36: {=INDEX('QC Deviation Record Hall 1 '!$F$120:$F$221,MATCH(Table7[[#This Row],[Defect العيب]],'QC Deviation Record Hall 1 '!$B$120:$B$221,0))} | H36: {=INDEX('QC Deviation Record Hall 1 '!$G$120:$G$221,MATCH(Table7[[#This Row],[Defect العيب]],'QC Deviation Record Hall 1 '!$B$120:$B$221,0))} | I36: {=INDEX('QC Deviation Record Hall 1 '!$H$120:$H$221,MATCH(Table7[[#This Row],[Defect العيب]],'QC Deviation Record Hall 1 '!$B$120:$B$221,0))} | J36: {=INDEX('QC Deviation Record Hall 1 '!$I$120:$I$221,MATCH(Table7[[#This Row],[Defect العيب]],'QC Deviation Record Hall 1 '!$B$120:$B$221,0))} | K36: {=INDEX('QC Deviation Record Hall 1 '!$J$120:$J$221,MATCH(Table7[[#This Row],[Defect العيب]],'QC Deviation Record Hall 1 '!$B$120:$B$221,0))} | L36: {=INDEX('QC Deviation Record Hall 1 '!$K$120:$K$221,MATCH(Table7[[#This Row],[Defect العيب]],'QC Deviation Record Hall 1 '!$B$120:$B$221,0))} | M36: {=INDEX('QC Deviation Record Hall 1 '!$L$120:$L$221,MATCH(Table7[[#This Row],[Defect العيب]],'QC Deviation Record Hall 1 '!$B$120:$B$221,0))} | N36: {=INDEX('QC Deviation Record Hall 1 '!$M$120:$M$221,MATCH(Table7[[#This Row],[Defect العيب]],'QC Deviation Record Hall 1 '!$B$120:$B$221,0))} | O36: {=INDEX('QC Deviation Record Hall 1 '!$N$120:$N$221,MATCH(Table7[[#This Row],[Defect العيب]],'QC Deviation Record Hall 1 '!$B$120:$B$221,0))} | Q36: {=INDEX('QC Deviation Record Hall 2'!$A$119:$A$220,MATCH(Table11[[#This Row],[Defect العيب]],'QC Deviation Record Hall 2'!$B$119:$B$220,0))} -> AD02 | R36: {=INDEX('QC Deviation Record Hall 2'!$B$119:$B$220,MATCH(LARGE('QC Deviation Record Hall 2'!$M$119:$M$220-ROW('QC Deviation Record Hall 2'!$M$119:$M$220)/10000000,ROW(A2)),'QC Deviation Record Hall 2'!$M$119:$M$220-ROW('QC Deviation Record Hall 2'!$M$119:$M$220)/10000000,0))} -> إضافات رطبة/مكسورة زيادة | T36: {=INDEX('QC Deviation Record Hall 2'!$C$119:$C$220,MATCH(Table11[[#This Row],[Defect العيب]],'QC Deviation Record Hall 2'!$B$119:$B$220,0))} | U36: {=INDEX('QC Deviation Record Hall 2'!$D$119:$D$220,MATCH(Table11[[#This Row],[Defect العيب]],'QC Deviation Record Hall 2'!$B$119:$B$220,0))} | V36: {=INDEX('QC Deviation Record Hall 2'!$E$119:$E$220,MATCH(Table11[[#This Row],[Defect العيب]],'QC Deviation Record Hall 2'!$B$119:$B$220,0))} | W36: {=INDEX('QC Deviation Record Hall 2'!$F$119:$F$220,MATCH(Table11[[#This Row],[Defect العيب]],'QC Deviation Record Hall 2'!$B$119:$B$220,0))} | X36: {=INDEX('QC Deviation Record Hall 2'!$G$119:$G$220,MATCH(Table11[[#This Row],[Defect العيب]],'QC Deviation Record Hall 2'!$B$119:$B$220,0))} | Y36: {=INDEX('QC Deviation Record Hall 2'!$H$119:$H$220,MATCH(Table11[[#This Row],[Defect العيب]],'QC Deviation Record Hall 2'!$B$119:$B$220,0))} | Z36: {=INDEX('QC Deviation Record Hall 2'!$I$119:$I$220,MATCH(Table11[[#This Row],[Defect العيب]],'QC Deviation Record Hall 2'!$B$119:$B$220,0))} | AA36: {=INDEX('QC Deviation Record Hall 2'!$J$119:$J$220,MATCH(Table11[[#This Row],[Defect العيب]],'QC Deviation Record Hall 2'!$B$119:$B$220,0))} | AB36: {=INDEX('QC Deviation Record Hall 2'!$K$119:$K$220,MATCH(Table11[[#This Row],[Defect العيب]],'QC Deviation Record Hall 2'!$B$119:$B$220,0))} | AC36: {=INDEX('QC Deviation Record Hall 2'!$L$119:$L$220,MATCH(Table11[[#This Row],[Defect العيب]],'QC Deviation Record Hall 2'!$B$119:$B$220,0))} | AF36: {=INDEX('QC Deviation Record Hall 3'!$A$119:$A$220,MATCH(Table111[[#This Row],[Defect العيب]],'QC Deviation Record Hall 3'!$B$119:$B$220,0))} -> AD02 | AG36: {=INDEX('QC Deviation Record Hall 3'!$B$119:$B$220,MATCH(LARGE('QC Deviation Record Hall 3'!$M$119:$M$220-ROW('QC Deviation Record Hall 3'!$M$119:$M$220)/10000000,ROW(A2)),'QC Deviation Record Hall 3'!$M$119:$M$220-ROW('QC Deviation Record Hall 3'!$M$119:$M$220)/10000000,0))} -> إضافات رطبة/مكسورة زيادة | AI36: {=INDEX('QC Deviation Record Hall 3'!$C$119:$C$220,MATCH(Table111[[#This Row],[Defect العيب]],'QC Deviation Record Hall 3'!$B$119:$B$220,0))} | AJ36: {=INDEX('QC Deviation Record Hall 3'!$D$119:$D$220,MATCH(Table111[[#This Row],[Defect العيب]],'QC Deviation Record Hall 3'!$B$119:$B$220,0))} | AK36: {=INDEX('QC Deviation Record Hall 3'!$E$119:$E$220,MATCH(Table111[[#This Row],[Defect العيب]],'QC Deviation Record Hall 3'!$B$119:$B$220,0))} | AL36: {=INDEX('QC Deviation Record Hall 3'!$F$119:$F$220,MATCH(Table111[[#This Row],[Defect العيب]],'QC Deviation Record Hall 3'!$B$119:$B$220,0))} | AM36: {=INDEX('QC Deviation Record Hall 3'!$G$119:$G$220,MATCH(Table111[[#This Row],[Defect العيب]],'QC Deviation Record Hall 3'!$B$119:$B$220,0))} | AN36: {=INDEX('QC Deviation Record Hall 3'!$H$119:$H$220,MATCH(Table111[[#This Row],[Defect العيب]],'QC Deviation Record Hall 3'!$B$119:$B$220,0))} | AO36: {=INDEX('QC Deviation Record Hall 3'!$I$119:$I$220,MATCH(Table111[[#This Row],[Defect العيب]],'QC Deviation Record Hall 3'!$B$119:$B$220,0))} | AP36: {=INDEX('QC Deviation Record Hall 3'!$J$119:$J$220,MATCH(Table111[[#This Row],[Defect العيب]],'QC Deviation Record Hall 3'!$B$119:$B$220,0))} | AQ36: {=INDEX('QC Deviation Record Hall 3'!$K$119:$K$220,MATCH(Table111[[#This Row],[Defect العيب]],'QC Deviation Record Hall 3'!$B$119:$B$220,0))} | AR36: {=INDEX('QC Deviation Record Hall 3'!$L$119:$L$220,MATCH(Table111[[#This Row],[Defect العيب]],'QC Deviation Record Hall 3'!$B$119:$B$220,0))}
A37: {=INDEX('QC Deviation Record Hall 1 '!$A$120:$A$221,MATCH(Table7[[#This Row],[Defect العيب]],'QC Deviation Record Hall 1 '!$B$120:$B$221,0))} -> AD03 | B37: {=INDEX('QC Deviation Record Hall 1 '!$B$120:$B$221,MATCH(LARGE('QC Deviation Record Hall 1 '!$O$120:$O$221-ROW('QC Deviation Record Hall 1 '!$O$120:$O$221)/10000000,ROW(A3)),'QC Deviation Record Hall 1 '!$O$120:$O$221-ROW('QC Deviation Record Hall 1 '!$O$120:$O$221)/10000000,0))} -> نوع إضافات غير مطابق للوصفة | D37: {=INDEX('QC Deviation Record Hall 1 '!$C$120:$C$221,MATCH(Table7[[#This Row],[Defect العيب]],'QC Deviation Record Hall 1 '!$B$120:$B$221,0))} | E37: {=INDEX('QC Deviation Record Hall 1 '!$D$120:$D$221,MATCH(Table7[[#This Row],[Defect العيب]],'QC Deviation Record Hall 1 '!$B$120:$B$221,0))} | F37: {=INDEX('QC Deviation Record Hall 1 '!$E$120:$E$221,MATCH(Table7[[#This Row],[Defect العيب]],'QC Deviation Record Hall 1 '!$B$120:$B$221,0))} | G37: {=INDEX('QC Deviation Record Hall 1 '!$F$120:$F$221,MATCH(Table7[[#This Row],[Defect العيب]],'QC Deviation Record Hall 1 '!$B$120:$B$221,0))} | H37: {=INDEX('QC Deviation Record Hall 1 '!$G$120:$G$221,MATCH(Table7[[#This Row],[Defect العيب]],'QC Deviation Record Hall 1 '!$B$120:$B$221,0))} | I37: {=INDEX('QC Deviation Record Hall 1 '!$H$120:$H$221,MATCH(Table7[[#This Row],[Defect العيب]],'QC Deviation Record Hall 1 '!$B$120:$B$221,0))} | J37: {=INDEX('QC Deviation Record Hall 1 '!$I$120:$I$221,MATCH(Table7[[#This Row],[Defect العيب]],'QC Deviation Record Hall 1 '!$B$120:$B$221,0))} | K37: {=INDEX('QC Deviation Record Hall 1 '!$J$120:$J$221,MATCH(Table7[[#This Row],[Defect العيب]],'QC Deviation Record Hall 1 '!$B$120:$B$221,0))} | L37: {=INDEX('QC Deviation Record Hall 1 '!$K$120:$K$221,MATCH(Table7[[#This Row],[Defect العيب]],'QC Deviation Record Hall 1 '!$B$120:$B$221,0))} | M37: {=INDEX('QC Deviation Record Hall 1 '!$L$120:$L$221,MATCH(Table7[[#This Row],[Defect العيب]],'QC Deviation Record Hall 1 '!$B$120:$B$221,0))} | N37: {=INDEX('QC Deviation Record Hall 1 '!$M$120:$M$221,MATCH(Table7[[#This Row],[Defect العيب]],'QC Deviation Record Hall 1 '!$B$120:$B$221,0))} | O37: {=INDEX('QC Deviation Record Hall 1 '!$N$120:$N$221,MATCH(Table7[[#This Row],[Defect العيب]],'QC Deviation Record Hall 1 '!$B$120:$B$221,0))} | Q37: {=INDEX('QC Deviation Record Hall 2'!$A$119:$A$220,MATCH(Table11[[#This Row],[Defect العيب]],'QC Deviation Record Hall 2'!$B$119:$B$220,0))} -> AD03 | R37: {=INDEX('QC Deviation Record Hall 2'!$B$119:$B$220,MATCH(LARGE('QC Deviation Record Hall 2'!$M$119:$M$220-ROW('QC Deviation Record Hall 2'!$M$119:$M$220)/10000000,ROW(A3)),'QC Deviation Record Hall 2'!$M$119:$M$220-ROW('QC Deviation Record Hall 2'!$M$119:$M$220)/10000000,0))} -> نوع إضافات غير مطابق للوصفة | T37: {=INDEX('QC Deviation Record Hall 2'!$C$119:$C$220,MATCH(Table11[[#This Row],[Defect العيب]],'QC Deviation Record Hall 2'!$B$119:$B$220,0))} | U37: {=INDEX('QC Deviation Record Hall 2'!$D$119:$D$220,MATCH(Table11[[#This Row],[Defect العيب]],'QC Deviation Record Hall 2'!$B$119:$B$220,0))} | V37: {=INDEX('QC Deviation Record Hall 2'!$E$119:$E$220,MATCH(Table11[[#This Row],[Defect العيب]],'QC Deviation Record Hall 2'!$B$119:$B$220,0))} | W37: {=INDEX('QC Deviation Record Hall 2'!$F$119:$F$220,MATCH(Table11[[#This Row],[Defect العيب]],'QC Deviation Record Hall 2'!$B$119:$B$220,0))} | X37: {=INDEX('QC Deviation Record Hall 2'!$G$119:$G$220,MATCH(Table11[[#This Row],[Defect العيب]],'QC Deviation Record Hall 2'!$B$119:$B$220,0))} | Y37: {=INDEX('QC Deviation Record Hall 2'!$H$119:$H$220,MATCH(Table11[[#This Row],[Defect العيب]],'QC Deviation Record Hall 2'!$B$119:$B$220,0))} | Z37: {=INDEX('QC Deviation Record Hall 2'!$I$119:$I$220,MATCH(Table11[[#This Row],[Defect العيب]],'QC Deviation Record Hall 2'!$B$119:$B$220,0))} | AA37: {=INDEX('QC Deviation Record Hall 2'!$J$119:$J$220,MATCH(Table11[[#This Row],[Defect العيب]],'QC Deviation Record Hall 2'!$B$119:$B$220,0))} | AB37: {=INDEX('QC Deviation Record Hall 2'!$K$119:$K$220,MATCH(Table11[[#This Row],[Defect العيب]],'QC Deviation Record Hall 2'!$B$119:$B$220,0))} | AC37: {=INDEX('QC Deviation Record Hall 2'!$L$119:$L$220,MATCH(Table11[[#This Row],[Defect العيب]],'QC Deviation Record Hall 2'!$B$119:$B$220,0))} | AF37: {=INDEX('QC Deviation Record Hall 3'!$A$119:$A$220,MATCH(Table111[[#This Row],[Defect العيب]],'QC Deviation Record Hall 3'!$B$119:$B$220,0))} -> AD03 | AG37: {=INDEX('QC Deviation Record Hall 3'!$B$119:$B$220,MATCH(LARGE('QC Deviation Record Hall 3'!$M$119:$M$220-ROW('QC Deviation Record Hall 3'!$M$119:$M$220)/10000000,ROW(A3)),'QC Deviation Record Hall 3'!$M$119:$M$220-ROW('QC Deviation Record Hall 3'!$M$119:$M$220)/10000000,0))} -> نوع إضافات غير مطابق للوصفة | AI37: {=INDEX('QC Deviation Record Hall 3'!$C$119:$C$220,MATCH(Table111[[#This Row],[Defect العيب]],'QC Deviation Record Hall 3'!$B$119:$B$220,0))} | AJ37: {=INDEX('QC Deviation Record Hall 3'!$D$119:$D$220,MATCH(Table111[[#This Row],[Defect العيب]],'QC Deviation Record Hall 3'!$B$119:$B$220,0))} | AK37: {=INDEX('QC Deviation Record Hall 3'!$E$119:$E$220,MATCH(Table111[[#This Row],[Defect العيب]],'QC Deviation Record Hall 3'!$B$119:$B$220,0))} | AL37: {=INDEX('QC Deviation Record Hall 3'!$F$119:$F$220,MATCH(Table111[[#This Row],[Defect العيب]],'QC Deviation Record Hall 3'!$B$119:$B$220,0))} | AM37: {=INDEX('QC Deviation Record Hall 3'!$G$119:$G$220,MATCH(Table111[[#This Row],[Defect العيب]],'QC Deviation Record Hall 3'!$B$119:$B$220,0))} | AN37: {=INDEX('QC Deviation Record Hall 3'!$H$119:$H$220,MATCH(Table111[[#This Row],[Defect العيب]],'QC Deviation Record Hall 3'!$B$119:$B$220,0))} | AO37: {=INDEX('QC Deviation Record Hall 3'!$I$119:$I$220,MATCH(Table111[[#This Row],[Defect العيب]],'QC Deviation Record Hall 3'!$B$119:$B$220,0))} | AP37: {=INDEX('QC Deviation Record Hall 3'!$J$119:$J$220,MATCH(Table111[[#This Row],[Defect العيب]],'QC Deviation Record Hall 3'!$B$119:$B$220,0))} | AQ37: {=INDEX('QC Deviation Record Hall 3'!$K$119:$K$220,MATCH(Table111[[#This Row],[Defect العيب]],'QC Deviation Record Hall 3'!$B$119:$B$220,0))} | AR37: {=INDEX('QC Deviation Record Hall 3'!$L$119:$L$220,MATCH(Table111[[#This Row],[Defect العيب]],'QC Deviation Record Hall 3'!$B$119:$B$220,0))}
A38: {=INDEX('QC Deviation Record Hall 1 '!$A$120:$A$221,MATCH(Table7[[#This Row],[Defect العيب]],'QC Deviation Record Hall 1 '!$B$120:$B$221,0))} -> AD04 | B38: {=INDEX('QC Deviation Record Hall 1 '!$B$120:$B$221,MATCH(LARGE('QC Deviation Record Hall 1 '!$O$120:$O$221-ROW('QC Deviation Record Hall 1 '!$O$120:$O$221)/10000000,ROW(A4)),'QC Deviation Record Hall 1 '!$O$120:$O$221-ROW('QC Deviation Record Hall 1 '!$O$120:$O$221)/10000000,0))} -> عدم وجود إضافة / إنسداد فى كل العيون | D38: {=INDEX('QC Deviation Record Hall 1 '!$C$120:$C$221,MATCH(Table7[[#This Row],[Defect العيب]],'QC Deviation Record Hall 1 '!$B$120:$B$221,0))} | E38: {=INDEX('QC Deviation Record Hall 1 '!$D$120:$D$221,MATCH(Table7[[#This Row],[Defect العيب]],'QC Deviation Record Hall 1 '!$B$120:$B$221,0))} | F38: {=INDEX('QC Deviation Record Hall 1 '!$E$120:$E$221,MATCH(Table7[[#This Row],[Defect العيب]],'QC Deviation Record Hall 1 '!$B$120:$B$221,0))} | G38: {=INDEX('QC Deviation Record Hall 1 '!$F$120:$F$221,MATCH(Table7[[#This Row],[Defect العيب]],'QC Deviation Record Hall 1 '!$B$120:$B$221,0))} | H38: {=INDEX('QC Deviation Record Hall 1 '!$G$120:$G$221,MATCH(Table7[[#This Row],[Defect العيب]],'QC Deviation Record Hall 1 '!$B$120:$B$221,0))} | I38: {=INDEX('QC Deviation Record Hall 1 '!$H$120:$H$221,MATCH(Table7[[#This Row],[Defect العيب]],'QC Deviation Record Hall 1 '!$B$120:$B$221,0))} | J38: {=INDEX('QC Deviation Record Hall 1 '!$I$120:$I$221,MATCH(Table7[[#This Row],[Defect العيب]],'QC Deviation Record Hall 1 '!$B$120:$B$221,0))} | K38: {=INDEX('QC Deviation Record Hall 1 '!$J$120:$J$221,MATCH(Table7[[#This Row],[Defect العيب]],'QC Deviation Record Hall 1 '!$B$120:$B$221,0))} | L38: {=INDEX('QC Deviation Record Hall 1 '!$K$120:$K$221,MATCH(Table7[[#This Row],[Defect العيب]],'QC Deviation Record Hall 1 '!$B$120:$B$221,0))} | M38: {=INDEX('QC Deviation Record Hall 1 '!$L$120:$L$221,MATCH(Table7[[#This Row],[Defect العيب]],'QC Deviation Record Hall 1 '!$B$120:$B$221,0))} | N38: {=INDEX('QC Deviation Record Hall 1 '!$M$120:$M$221,MATCH(Table7[[#This Row],[Defect العيب]],'QC Deviation Record Hall 1 '!$B$120:$B$221,0))} | O38: {=INDEX('QC Deviation Record Hall 1 '!$N$120:$N$221,MATCH(Table7[[#This Row],[Defect العيب]],'QC Deviation Record Hall 1 '!$B$120:$B$221,0))} | Q38: {=INDEX('QC Deviation Record Hall 2'!$A$119:$A$220,MATCH(Table11[[#This Row],[Defect العيب]],'QC Deviation Record Hall 2'!$B$119:$B$220,0))} -> AD04 | R38: {=INDEX('QC Deviation Record Hall 2'!$B$119:$B$220,MATCH(LARGE('QC Deviation Record Hall 2'!$M$119:$M$220-ROW('QC Deviation Record Hall 2'!$M$119:$M$220)/10000000,ROW(A4)),'QC Deviation Record Hall 2'!$M$119:$M$220-ROW('QC Deviation Record Hall 2'!$M$119:$M$220)/10000000,0))} -> عدم وجود إضافة / إنسداد فى كل العيون | T38: {=INDEX('QC Deviation Record Hall 2'!$C$119:$C$220,MATCH(Table11[[#This Row],[Defect العيب]],'QC Deviation Record Hall 2'!$B$119:$B$220,0))} | U38: {=INDEX('QC Deviation Record Hall 2'!$D$119:$D$220,MATCH(Table11[[#This Row],[Defect العيب]],'QC Deviation Record Hall 2'!$B$119:$B$220,0))} | V38: {=INDEX('QC Deviation Record Hall 2'!$E$119:$E$220,MATCH(Table11[[#This Row],[Defect العيب]],'QC Deviation Record Hall 2'!$B$119:$B$220,0))} | W38: {=INDEX('QC Deviation Record Hall 2'!$F$119:$F$220,MATCH(Table11[[#This Row],[Defect العيب]],'QC Deviation Record Hall 2'!$B$119:$B$220,0))} | X38: {=INDEX('QC Deviation Record Hall 2'!$G$119:$G$220,MATCH(Table11[[#This Row],[Defect العيب]],'QC Deviation Record Hall 2'!$B$119:$B$220,0))} | Y38: {=INDEX('QC Deviation Record Hall 2'!$H$119:$H$220,MATCH(Table11[[#This Row],[Defect العيب]],'QC Deviation Record Hall 2'!$B$119:$B$220,0))} | Z38: {=INDEX('QC Deviation Record Hall 2'!$I$119:$I$220,MATCH(Table11[[#This Row],[Defect العيب]],'QC Deviation Record Hall 2'!$B$119:$B$220,0))} | AA38: {=INDEX('QC Deviation Record Hall 2'!$J$119:$J$220,MATCH(Table11[[#This Row],[Defect العيب]],'QC Deviation Record Hall 2'!$B$119:$B$220,0))} | AB38: {=INDEX('QC Deviation Record Hall 2'!$K$119:$K$220,MATCH(Table11[[#This Row],[Defect العيب]],'QC Deviation Record Hall 2'!$B$119:$B$220,0))} | AC38: {=INDEX('QC Deviation Record Hall 2'!$L$119:$L$220,MATCH(Table11[[#This Row],[Defect العيب]],'QC Deviation Record Hall 2'!$B$119:$B$220,0))} | AF38: {=INDEX('QC Deviation Record Hall 3'!$A$119:$A$220,MATCH(Table111[[#This Row],[Defect العيب]],'QC Deviation Record Hall 3'!$B$119:$B$220,0))} -> AD04 | AG38: {=INDEX('QC Deviation Record Hall 3'!$B$119:$B$220,MATCH(LARGE('QC Deviation Record Hall 3'!$M$119:$M$220-ROW('QC Deviation Record Hall 3'!$M$119:$M$220)/10000000,ROW(A4)),'QC Deviation Record Hall 3'!$M$119:$M$220-ROW('QC Deviation Record Hall 3'!$M$119:$M$220)/10000000,0))} -> عدم وجود إضافة / إنسداد فى كل العيون | AI38: {=INDEX('QC Deviation Record Hall 3'!$C$119:$C$220,MATCH(Table111[[#This Row],[Defect العيب]],'QC Deviation Record Hall 3'!$B$119:$B$220,0))} | AJ38: {=INDEX('QC Deviation Record Hall 3'!$D$119:$D$220,MATCH(Table111[[#This Row],[Defect العيب]],'QC Deviation Record Hall 3'!$B$119:$B$220,0))} | AK38: {=INDEX('QC Deviation Record Hall 3'!$E$119:$E$220,MATCH(Table111[[#This Row],[Defect العيب]],'QC Deviation Record Hall 3'!$B$119:$B$220,0))} | AL38: {=INDEX('QC Deviation Record Hall 3'!$F$119:$F$220,MATCH(Table111[[#This Row],[Defect العيب]],'QC Deviation Record Hall 3'!$B$119:$B$220,0))} | AM38: {=INDEX('QC Deviation Record Hall 3'!$G$119:$G$220,MATCH(Table111[[#This Row],[Defect العيب]],'QC Deviation Record Hall 3'!$B$119:$B$220,0))} | AN38: {=INDEX('QC Deviation Record Hall 3'!$H$119:$H$220,MATCH(Table111[[#This Row],[Defect العيب]],'QC Deviation Record Hall 3'!$B$119:$B$220,0))} | AO38: {=INDEX('QC Deviation Record Hall 3'!$I$119:$I$220,MATCH(Table111[[#This Row],[Defect العيب]],'QC Deviation Record Hall 3'!$B$119:$B$220,0))} | AP38: {=INDEX('QC Deviation Record Hall 3'!$J$119:$J$220,MATCH(Table111[[#This Row],[Defect العيب]],'QC Deviation Record Hall 3'!$B$119:$B$220,0))} | AQ38: {=INDEX('QC Deviation Record Hall 3'!$K$119:$K$220,MATCH(Table111[[#This Row],[Defect العيب]],'QC Deviation Record Hall 3'!$B$119:$B$220,0))} | AR38: {=INDEX('QC Deviation Record Hall 3'!$L$119:$L$220,MATCH(Table111[[#This Row],[Defect العيب]],'QC Deviation Record Hall 3'!$B$119:$B$220,0))}
A39: {=INDEX('QC Deviation Record Hall 1 '!$A$120:$A$221,MATCH(Table7[[#This Row],[Defect العيب]],'QC Deviation Record Hall 1 '!$B$120:$B$221,0))} -> AD05 | B39: {=INDEX('QC Deviation Record Hall 1 '!$B$120:$B$221,MATCH(LARGE('QC Deviation Record Hall 1 '!$O$120:$O$221-ROW('QC Deviation Record Hall 1 '!$O$120:$O$221)/10000000,ROW(A5)),'QC Deviation Record Hall 1 '!$O$120:$O$221-ROW('QC Deviation Record Hall 1 '!$O$120:$O$221)/10000000,0))} -> عدم وجود إضافة / إنسداد فى بعض العيون | D39: {=INDEX('QC Deviation Record Hall 1 '!$C$120:$C$221,MATCH(Table7[[#This Row],[Defect العيب]],'QC Deviation Record Hall 1 '!$B$120:$B$221,0))} | E39: {=INDEX('QC Deviation Record Hall 1 '!$D$120:$D$221,MATCH(Table7[[#This Row],[Defect العيب]],'QC Deviation Record Hall 1 '!$B$120:$B$221,0))} | F39: {=INDEX('QC Deviation Record Hall 1 '!$E$120:$E$221,MATCH(Table7[[#This Row],[Defect العيب]],'QC Deviation Record Hall 1 '!$B$120:$B$221,0))} | G39: {=INDEX('QC Deviation Record Hall 1 '!$F$120:$F$221,MATCH(Table7[[#This Row],[Defect العيب]],'QC Deviation Record Hall 1 '!$B$120:$B$221,0))} | H39: {=INDEX('QC Deviation Record Hall 1 '!$G$120:$G$221,MATCH(Table7[[#This Row],[Defect العيب]],'QC Deviation Record Hall 1 '!$B$120:$B$221,0))} | I39: {=INDEX('QC Deviation Record Hall 1 '!$H$120:$H$221,MATCH(Table7[[#This Row],[Defect العيب]],'QC Deviation Record Hall 1 '!$B$120:$B$221,0))} | J39: {=INDEX('QC Deviation Record Hall 1 '!$I$120:$I$221,MATCH(Table7[[#This Row],[Defect العيب]],'QC Deviation Record Hall 1 '!$B$120:$B$221,0))} | K39: {=INDEX('QC Deviation Record Hall 1 '!$J$120:$J$221,MATCH(Table7[[#This Row],[Defect العيب]],'QC Deviation Record Hall 1 '!$B$120:$B$221,0))} | L39: {=INDEX('QC Deviation Record Hall 1 '!$K$120:$K$221,MATCH(Table7[[#This Row],[Defect العيب]],'QC Deviation Record Hall 1 '!$B$120:$B$221,0))} | M39: {=INDEX('QC Deviation Record Hall 1 '!$L$120:$L$221,MATCH(Table7[[#This Row],[Defect العيب]],'QC Deviation Record Hall 1 '!$B$120:$B$221,0))} | N39: {=INDEX('QC Deviation Record Hall 1 '!$M$120:$M$221,MATCH(Table7[[#This Row],[Defect العيب]],'QC Deviation Record Hall 1 '!$B$120:$B$221,0))} | O39: {=INDEX('QC Deviation Record Hall 1 '!$N$120:$N$221,MATCH(Table7[[#This Row],[Defect العيب]],'QC Deviation Record Hall 1 '!$B$120:$B$221,0))} | Q39: {=INDEX('QC Deviation Record Hall 2'!$A$119:$A$220,MATCH(Table11[[#This Row],[Defect العيب]],'QC Deviation Record Hall 2'!$B$119:$B$220,0))} -> AD05 | R39: {=INDEX('QC Deviation Record Hall 2'!$B$119:$B$220,MATCH(LARGE('QC Deviation Record Hall 2'!$M$119:$M$220-ROW('QC Deviation Record Hall 2'!$M$119:$M$220)/10000000,ROW(A5)),'QC Deviation Record Hall 2'!$M$119:$M$220-ROW('QC Deviation Record Hall 2'!$M$119:$M$220)/10000000,0))} -> عدم وجود إضافة / إنسداد فى بعض العيون | T39: {=INDEX('QC Deviation Record Hall 2'!$C$119:$C$220,MATCH(Table11[[#This Row],[Defect العيب]],'QC Deviation Record Hall 2'!$B$119:$B$220,0))} | U39: {=INDEX('QC Deviation Record Hall 2'!$D$119:$D$220,MATCH(Table11[[#This Row],[Defect العيب]],'QC Deviation Record Hall 2'!$B$119:$B$220,0))} | V39: {=INDEX('QC Deviation Record Hall 2'!$E$119:$E$220,MATCH(Table11[[#This Row],[Defect العيب]],'QC Deviation Record Hall 2'!$B$119:$B$220,0))} | W39: {=INDEX('QC Deviation Record Hall 2'!$F$119:$F$220,MATCH(Table11[[#This Row],[Defect العيب]],'QC Deviation Record Hall 2'!$B$119:$B$220,0))} | X39: {=INDEX('QC Deviation Record Hall 2'!$G$119:$G$220,MATCH(Table11[[#This Row],[Defect العيب]],'QC Deviation Record Hall 2'!$B$119:$B$220,0))} | Y39: {=INDEX('QC Deviation Record Hall 2'!$H$119:$H$220,MATCH(Table11[[#This Row],[Defect العيب]],'QC Deviation Record Hall 2'!$B$119:$B$220,0))} | Z39: {=INDEX('QC Deviation Record Hall 2'!$I$119:$I$220,MATCH(Table11[[#This Row],[Defect العيب]],'QC Deviation Record Hall 2'!$B$119:$B$220,0))} | AA39: {=INDEX('QC Deviation Record Hall 2'!$J$119:$J$220,MATCH(Table11[[#This Row],[Defect العيب]],'QC Deviation Record Hall 2'!$B$119:$B$220,0))} | AB39: {=INDEX('QC Deviation Record Hall 2'!$K$119:$K$220,MATCH(Table11[[#This Row],[Defect العيب]],'QC Deviation Record Hall 2'!$B$119:$B$220,0))} | AC39: {=INDEX('QC Deviation Record Hall 2'!$L$119:$L$220,MATCH(Table11[[#This Row],[Defect العيب]],'QC Deviation Record Hall 2'!$B$119:$B$220,0))} | AF39: {=INDEX('QC Deviation Record Hall 3'!$A$119:$A$220,MATCH(Table111[[#This Row],[Defect العيب]],'QC Deviation Record Hall 3'!$B$119:$B$220,0))} -> AD05 | AG39: {=INDEX('QC Deviation Record Hall 3'!$B$119:$B$220,MATCH(LARGE('QC Deviation Record Hall 3'!$M$119:$M$220-ROW('QC Deviation Record Hall 3'!$M$119:$M$220)/10000000,ROW(A5)),'QC Deviation Record Hall 3'!$M$119:$M$220-ROW('QC Deviation Record Hall 3'!$M$119:$M$220)/10000000,0))} -> عدم وجود إضافة / إنسداد فى بعض العيون | AI39: {=INDEX('QC Deviation Record Hall 3'!$C$119:$C$220,MATCH(Table111[[#This Row],[Defect العيب]],'QC Deviation Record Hall 3'!$B$119:$B$220,0))} | AJ39: {=INDEX('QC Deviation Record Hall 3'!$D$119:$D$220,MATCH(Table111[[#This Row],[Defect العيب]],'QC Deviation Record Hall 3'!$B$119:$B$220,0))} | AK39: {=INDEX('QC Deviation Record Hall 3'!$E$119:$E$220,MATCH(Table111[[#This Row],[Defect العيب]],'QC Deviation Record Hall 3'!$B$119:$B$220,0))} | AL39: {=INDEX('QC Deviation Record Hall 3'!$F$119:$F$220,MATCH(Table111[[#This Row],[Defect العيب]],'QC Deviation Record Hall 3'!$B$119:$B$220,0))} | AM39: {=INDEX('QC Deviation Record Hall 3'!$G$119:$G$220,MATCH(Table111[[#This Row],[Defect العيب]],'QC Deviation Record Hall 3'!$B$119:$B$220,0))} | AN39: {=INDEX('QC Deviation Record Hall 3'!$H$119:$H$220,MATCH(Table111[[#This Row],[Defect العيب]],'QC Deviation Record Hall 3'!$B$119:$B$220,0))} | AO39: {=INDEX('QC Deviation Record Hall 3'!$I$119:$I$220,MATCH(Table111[[#This Row],[Defect العيب]],'QC Deviation Record Hall 3'!$B$119:$B$220,0))} | AP39: {=INDEX('QC Deviation Record Hall 3'!$J$119:$J$220,MATCH(Table111[[#This Row],[Defect العيب]],'QC Deviation Record Hall 3'!$B$119:$B$220,0))} | AQ39: {=INDEX('QC Deviation Record Hall 3'!$K$119:$K$220,MATCH(Table111[[#This Row],[Defect العيب]],'QC Deviation Record Hall 3'!$B$119:$B$220,0))} | AR39: {=INDEX('QC Deviation Record Hall 3'!$L$119:$L$220,MATCH(Table111[[#This Row],[Defect العيب]],'QC Deviation Record Hall 3'!$B$119:$B$220,0))}
A40: {=INDEX('QC Deviation Record Hall 1 '!$A$120:$A$221,MATCH(Table7[[#This Row],[Defect العيب]],'QC Deviation Record Hall 1 '!$B$120:$B$221,0))} -> CHEM01 | B40: {=INDEX('QC Deviation Record Hall 1 '!$B$120:$B$221,MATCH(LARGE('QC Deviation Record Hall 1 '!$O$120:$O$221-ROW('QC Deviation Record Hall 1 '!$O$120:$O$221)/10000000,ROW(A7)),'QC Deviation Record Hall 1 '!$O$120:$O$221-ROW('QC Deviation Record Hall 1 '!$O$120:$O$221)/10000000,0))} -> خطر كيميائى | D40: {=INDEX('QC Deviation Record Hall 1 '!$C$120:$C$221,MATCH(Table7[[#This Row],[Defect العيب]],'QC Deviation Record Hall 1 '!$B$120:$B$221,0))} | E40: {=INDEX('QC Deviation Record Hall 1 '!$D$120:$D$221,MATCH(Table7[[#This Row],[Defect العيب]],'QC Deviation Record Hall 1 '!$B$120:$B$221,0))} | F40: {=INDEX('QC Deviation Record Hall 1 '!$E$120:$E$221,MATCH(Table7[[#This Row],[Defect العيب]],'QC Deviation Record Hall 1 '!$B$120:$B$221,0))} | G40: {=INDEX('QC Deviation Record Hall 1 '!$F$120:$F$221,MATCH(Table7[[#This Row],[Defect العيب]],'QC Deviation Record Hall 1 '!$B$120:$B$221,0))} | H40: {=INDEX('QC Deviation Record Hall 1 '!$G$120:$G$221,MATCH(Table7[[#This Row],[Defect العيب]],'QC Deviation Record Hall 1 '!$B$120:$B$221,0))} | I40: {=INDEX('QC Deviation Record Hall 1 '!$H$120:$H$221,MATCH(Table7[[#This Row],[Defect العيب]],'QC Deviation Record Hall 1 '!$B$120:$B$221,0))} | J40: {=INDEX('QC Deviation Record Hall 1 '!$I$120:$I$221,MATCH(Table7[[#This Row],[Defect العيب]],'QC Deviation Record Hall 1 '!$B$120:$B$221,0))} | K40: {=INDEX('QC Deviation Record Hall 1 '!$J$120:$J$221,MATCH(Table7[[#This Row],[Defect العيب]],'QC Deviation Record Hall 1 '!$B$120:$B$221,0))} | L40: {=INDEX('QC Deviation Record Hall 1 '!$K$120:$K$221,MATCH(Table7[[#This Row],[Defect العيب]],'QC Deviation Record Hall 1 '!$B$120:$B$221,0))} | M40: {=INDEX('QC Deviation Record Hall 1 '!$L$120:$L$221,MATCH(Table7[[#This Row],[Defect العيب]],'QC Deviation Record Hall 1 '!$B$120:$B$221,0))} | N40: {=INDEX('QC Deviation Record Hall 1 '!$M$120:$M$221,MATCH(Table7[[#This Row],[Defect العيب]],'QC Deviation Record Hall 1 '!$B$120:$B$221,0))} | O40: {=INDEX('QC Deviation Record Hall 1 '!$N$120:$N$221,MATCH(Table7[[#This Row],[Defect العيب]],'QC Deviation Record Hall 1 '!$B$120:$B$221,0))} | Q40: {=INDEX('QC Deviation Record Hall 2'!$A$119:$A$220,MATCH(Table11[[#This Row],[Defect العيب]],'QC Deviation Record Hall 2'!$B$119:$B$220,0))} -> CHEM01 | R40: {=INDEX('QC Deviation Record Hall 2'!$B$119:$B$220,MATCH(LARGE('QC Deviation Record Hall 2'!$M$119:$M$220-ROW('QC Deviation Record Hall 2'!$M$119:$M$220)/10000000,ROW(A7)),'QC Deviation Record Hall 2'!$M$119:$M$220-ROW('QC Deviation Record Hall 2'!$M$119:$M$220)/10000000,0))} -> خطر كيميائى | T40: {=INDEX('QC Deviation Record Hall 2'!$C$119:$C$220,MATCH(Table11[[#This Row],[Defect العيب]],'QC Deviation Record Hall 2'!$B$119:$B$220,0))} | U40: {=INDEX('QC Deviation Record Hall 2'!$D$119:$D$220,MATCH(Table11[[#This Row],[Defect العيب]],'QC Deviation Record Hall 2'!$B$119:$B$220,0))} | V40: {=INDEX('QC Deviation Record Hall 2'!$E$119:$E$220,MATCH(Table11[[#This Row],[Defect العيب]],'QC Deviation Record Hall 2'!$B$119:$B$220,0))} | W40: {=INDEX('QC Deviation Record Hall 2'!$F$119:$F$220,MATCH(Table11[[#This Row],[Defect العيب]],'QC Deviation Record Hall 2'!$B$119:$B$220,0))} | X40: {=INDEX('QC Deviation Record Hall 2'!$G$119:$G$220,MATCH(Table11[[#This Row],[Defect العيب]],'QC Deviation Record Hall 2'!$B$119:$B$220,0))} | Y40: {=INDEX('QC Deviation Record Hall 2'!$H$119:$H$220,MATCH(Table11[[#This Row],[Defect العيب]],'QC Deviation Record Hall 2'!$B$119:$B$220,0))} | Z40: {=INDEX('QC Deviation Record Hall 2'!$I$119:$I$220,MATCH(Table11[[#This Row],[Defect العيب]],'QC Deviation Record Hall 2'!$B$119:$B$220,0))} | AA40: {=INDEX('QC Deviation Record Hall 2'!$J$119:$J$220,MATCH(Table11[[#This Row],[Defect العيب]],'QC Deviation Record Hall 2'!$B$119:$B$220,0))} | AB40: {=INDEX('QC Deviation Record Hall 2'!$K$119:$K$220,MATCH(Table11[[#This Row],[Defect العيب]],'QC Deviation Record Hall 2'!$B$119:$B$220,0))} | AC40: {=INDEX('QC Deviation Record Hall 2'!$L$119:$L$220,MATCH(Table11[[#This Row],[Defect العيب]],'QC Deviation Record Hall 2'!$B$119:$B$220,0))} | AF40: {=INDEX('QC Deviation Record Hall 3'!$A$119:$A$220,MATCH(Table111[[#This Row],[Defect العيب]],'QC Deviation Record Hall 3'!$B$119:$B$220,0))} -> CHEM01 | AG40: {=INDEX('QC Deviation Record Hall 3'!$B$119:$B$220,MATCH(LARGE('QC Deviation Record Hall 3'!$M$119:$M$220-ROW('QC Deviation Record Hall 3'!$M$119:$M$220)/10000000,ROW(A7)),'QC Deviation Record Hall 3'!$M$119:$M$220-ROW('QC Deviation Record Hall 3'!$M$119:$M$220)/10000000,0))} -> خطر كيميائى | AI40: {=INDEX('QC Deviation Record Hall 3'!$C$119:$C$220,MATCH(Table111[[#This Row],[Defect العيب]],'QC Deviation Record Hall 3'!$B$119:$B$220,0))} | AJ40: {=INDEX('QC Deviation Record Hall 3'!$D$119:$D$220,MATCH(Table111[[#This Row],[Defect العيب]],'QC Deviation Record Hall 3'!$B$119:$B$220,0))} | AK40: {=INDEX('QC Deviation Record Hall 3'!$E$119:$E$220,MATCH(Table111[[#This Row],[Defect العيب]],'QC Deviation Record Hall 3'!$B$119:$B$220,0))} | AL40: {=INDEX('QC Deviation Record Hall 3'!$F$119:$F$220,MATCH(Table111[[#This Row],[Defect العيب]],'QC Deviation Record Hall 3'!$B$119:$B$220,0))} | AM40: {=INDEX('QC Deviation Record Hall 3'!$G$119:$G$220,MATCH(Table111[[#This Row],[Defect العيب]],'QC Deviation Record Hall 3'!$B$119:$B$220,0))} | AN40: {=INDEX('QC Deviation Record Hall 3'!$H$119:$H$220,MATCH(Table111[[#This Row],[Defect العيب]],'QC Deviation Record Hall 3'!$B$119:$B$220,0))} | AO40: {=INDEX('QC Deviation Record Hall 3'!$I$119:$I$220,MATCH(Table111[[#This Row],[Defect العيب]],'QC Deviation Record Hall 3'!$B$119:$B$220,0))} | AP40: {=INDEX('QC Deviation Record Hall 3'!$J$119:$J$220,MATCH(Table111[[#This Row],[Defect العيب]],'QC Deviation Record Hall 3'!$B$119:$B$220,0))} | AQ40: {=INDEX('QC Deviation Record Hall 3'!$K$119:$K$220,MATCH(Table111[[#This Row],[Defect العيب]],'QC Deviation Record Hall 3'!$B$119:$B$220,0))} | AR40: {=INDEX('QC Deviation Record Hall 3'!$L$119:$L$220,MATCH(Table111[[#This Row],[Defect العيب]],'QC Deviation Record Hall 3'!$B$119:$B$220,0))}
A41: {=INDEX('QC Deviation Record Hall 1 '!$A$120:$A$221,MATCH(Table7[[#This Row],[Defect العيب]],'QC Deviation Record Hall 1 '!$B$120:$B$221,0))} -> #N/A | B41: {=INDEX('QC Deviation Record Hall 1 '!$B$120:$B$221,MATCH(LARGE('QC Deviation Record Hall 1 '!$O$120:$O$221-ROW('QC Deviation Record Hall 1 '!$O$120:$O$221)/10000000,ROW(A8)),'QC Deviation Record Hall 1 '!$O$120:$O$221-ROW('QC Deviation Record Hall 1 '!$O$120:$O$221)/10000000,0))} -> 0 | D41: {=INDEX('QC Deviation Record Hall 1 '!$C$120:$C$221,MATCH(Table7[[#This Row],[Defect العيب]],'QC Deviation Record Hall 1 '!$B$120:$B$221,0))} -> #N/A | E41: {=INDEX('QC Deviation Record Hall 1 '!$D$120:$D$221,MATCH(Table7[[#This Row],[Defect العيب]],'QC Deviation Record Hall 1 '!$B$120:$B$221,0))} -> #N/A | F41: {=INDEX('QC Deviation Record Hall 1 '!$E$120:$E$221,MATCH(Table7[[#This Row],[Defect العيب]],'QC Deviation Record Hall 1 '!$B$120:$B$221,0))} -> #N/A | G41: {=INDEX('QC Deviation Record Hall 1 '!$F$120:$F$221,MATCH(Table7[[#This Row],[Defect العيب]],'QC Deviation Record Hall 1 '!$B$120:$B$221,0))} -> #N/A | H41: {=INDEX('QC Deviation Record Hall 1 '!$G$120:$G$221,MATCH(Table7[[#This Row],[Defect العيب]],'QC Deviation Record Hall 1 '!$B$120:$B$221,0))} -> #N/A | I41: {=INDEX('QC Deviation Record Hall 1 '!$H$120:$H$221,MATCH(Table7[[#This Row],[Defect العيب]],'QC Deviation Record Hall 1 '!$B$120:$B$221,0))} -> #N/A | J41: {=INDEX('QC Deviation Record Hall 1 '!$I$120:$I$221,MATCH(Table7[[#This Row],[Defect العيب]],'QC Deviation Record Hall 1 '!$B$120:$B$221,0))} -> #N/A | K41: {=INDEX('QC Deviation Record Hall 1 '!$J$120:$J$221,MATCH(Table7[[#This Row],[Defect العيب]],'QC Deviation Record Hall 1 '!$B$120:$B$221,0))} -> #N/A | L41: {=INDEX('QC Deviation Record Hall 1 '!$K$120:$K$221,MATCH(Table7[[#This Row],[Defect العيب]],'QC Deviation Record Hall 1 '!$B$120:$B$221,0))} -> #N/A | M41: {=INDEX('QC Deviation Record Hall 1 '!$L$120:$L$221,MATCH(Table7[[#This Row],[Defect العيب]],'QC Deviation Record Hall 1 '!$B$120:$B$221,0))} -> #N/A | N41: {=INDEX('QC Deviation Record Hall 1 '!$M$120:$M$221,MATCH(Table7[[#This Row],[Defect العيب]],'QC Deviation Record Hall 1 '!$B$120:$B$221,0))} -> #N/A | O41: {=INDEX('QC Deviation Record Hall 1 '!$N$120:$N$221,MATCH(Table7[[#This Row],[Defect العيب]],'QC Deviation Record Hall 1 '!$B$120:$B$221,0))} -> #N/A | Q41: {=INDEX('QC Deviation Record Hall 2'!$A$119:$A$220,MATCH(Table11[[#This Row],[Defect العيب]],'QC Deviation Record Hall 2'!$B$119:$B$220,0))} -> #N/A | R41: {=INDEX('QC Deviation Record Hall 2'!$B$119:$B$220,MATCH(LARGE('QC Deviation Record Hall 2'!$M$119:$M$220-ROW('QC Deviation Record Hall 2'!$M$119:$M$220)/10000000,ROW(A8)),'QC Deviation Record Hall 2'!$M$119:$M$220-ROW('QC Deviation Record Hall 2'!$M$119:$M$220)/10000000,0))} -> 0 | T41: {=INDEX('QC Deviation Record Hall 2'!$C$119:$C$220,MATCH(Table11[[#This Row],[Defect العيب]],'QC Deviation Record Hall 2'!$B$119:$B$220,0))} -> #N/A | U41: {=INDEX('QC Deviation Record Hall 2'!$D$119:$D$220,MATCH(Table11[[#This Row],[Defect العيب]],'QC Deviation Record Hall 2'!$B$119:$B$220,0))} -> #N/A | V41: {=INDEX('QC Deviation Record Hall 2'!$E$119:$E$220,MATCH(Table11[[#This Row],[Defect العيب]],'QC Deviation Record Hall 2'!$B$119:$B$220,0))} -> #N/A | W41: {=INDEX('QC Deviation Record Hall 2'!$F$119:$F$220,MATCH(Table11[[#This Row],[Defect العيب]],'QC Deviation Record Hall 2'!$B$119:$B$220,0))} -> #N/A | X41: {=INDEX('QC Deviation Record Hall 2'!$G$119:$G$220,MATCH(Table11[[#This Row],[Defect العيب]],'QC Deviation Record Hall 2'!$B$119:$B$220,0))} -> #N/A | Y41: {=INDEX('QC Deviation Record Hall 2'!$H$119:$H$220,MATCH(Table11[[#This Row],[Defect العيب]],'QC Deviation Record Hall 2'!$B$119:$B$220,0))} -> #N/A | Z41: {=INDEX('QC Deviation Record Hall 2'!$I$119:$I$220,MATCH(Table11[[#This Row],[Defect العيب]],'QC Deviation Record Hall 2'!$B$119:$B$220,0))} -> #N/A | AA41: {=INDEX('QC Deviation Record Hall 2'!$J$119:$J$220,MATCH(Table11[[#This Row],[Defect العيب]],'QC Deviation Record Hall 2'!$B$119:$B$220,0))} -> #N/A | AB41: {=INDEX('QC Deviation Record Hall 2'!$K$119:$K$220,MATCH(Table11[[#This Row],[Defect العيب]],'QC Deviation Record Hall 2'!$B$119:$B$220,0))} -> #N/A | AC41: {=INDEX('QC Deviation Record Hall 2'!$L$119:$L$220,MATCH(Table11[[#This Row],[Defect العيب]],'QC Deviation Record Hall 2'!$B$119:$B$220,0))} -> #N/A | AF41: {=INDEX('QC Deviation Record Hall 3'!$A$119:$A$220,MATCH(Table111[[#This Row],[Defect العيب]],'QC Deviation Record Hall 3'!$B$119:$B$220,0))} -> #N/A | AG41: {=INDEX('QC Deviation Record Hall 3'!$B$119:$B$220,MATCH(LARGE('QC Deviation Record Hall 3'!$M$119:$M$220-ROW('QC Deviation Record Hall 3'!$M$119:$M$220)/10000000,ROW(A8)),'QC Deviation Record Hall 3'!$M$119:$M$220-ROW('QC Deviation Record Hall 3'!$M$119:$M$220)/10000000,0))} -> 0 | AI41: {=INDEX('QC Deviation Record Hall 3'!$C$119:$C$220,MATCH(Table111[[#This Row],[Defect العيب]],'QC Deviation Record Hall 3'!$B$119:$B$220,0))} -> #N/A | AJ41: {=INDEX('QC Deviation Record Hall 3'!$D$119:$D$220,MATCH(Table111[[#This Row],[Defect العيب]],'QC Deviation Record Hall 3'!$B$119:$B$220,0))} -> #N/A | AK41: {=INDEX('QC Deviation Record Hall 3'!$E$119:$E$220,MATCH(Table111[[#This Row],[Defect العيب]],'QC Deviation Record Hall 3'!$B$119:$B$220,0))} -> #N/A | AL41: {=INDEX('QC Deviation Record Hall 3'!$F$119:$F$220,MATCH(Table111[[#This Row],[Defect العيب]],'QC Deviation Record Hall 3'!$B$119:$B$220,0))} -> #N/A | AM41: {=INDEX('QC Deviation Record Hall 3'!$G$119:$G$220,MATCH(Table111[[#This Row],[Defect العيب]],'QC Deviation Record Hall 3'!$B$119:$B$220,0))} -> #N/A | AN41: {=INDEX('QC Deviation Record Hall 3'!$H$119:$H$220,MATCH(Table111[[#This Row],[Defect العيب]],'QC Deviation Record Hall 3'!$B$119:$B$220,0))} -> #N/A | AO41: {=INDEX('QC Deviation Record Hall 3'!$I$119:$I$220,MATCH(Table111[[#This Row],[Defect العيب]],'QC Deviation Record Hall 3'!$B$119:$B$220,0))} -> #N/A | AP41: {=INDEX('QC Deviation Record Hall 3'!$J$119:$J$220,MATCH(Table111[[#This Row],[Defect العيب]],'QC Deviation Record Hall 3'!$B$119:$B$220,0))} -> #N/A | AQ41: {=INDEX('QC Deviation Record Hall 3'!$K$119:$K$220,MATCH(Table111[[#This Row],[Defect العيب]],'QC Deviation Record Hall 3'!$B$119:$B$220,0))} -> #N/A | AR41: {=INDEX('QC Deviation Record Hall 3'!$L$119:$L$220,MATCH(Table111[[#This Row],[Defect العيب]],'QC Deviation Record Hall 3'!$B$119:$B$220,0))} -> #N/A
A42: {=INDEX('QC Deviation Record Hall 1 '!$A$120:$A$221,MATCH(Table7[[#This Row],[Defect العيب]],'QC Deviation Record Hall 1 '!$B$120:$B$221,0))} -> LK01 | B42: {=INDEX('QC Deviation Record Hall 1 '!$B$120:$B$221,MATCH(LARGE('QC Deviation Record Hall 1 '!$O$120:$O$221-ROW('QC Deviation Record Hall 1 '!$O$120:$O$221)/10000000,ROW(A9)),'QC Deviation Record Hall 1 '!$O$120:$O$221-ROW('QC Deviation Record Hall 1 '!$O$120:$O$221)/10000000,0))} -> تسريب من جسم الكوب/العبوة | D42: {=INDEX('QC Deviation Record Hall 1 '!$C$120:$C$221,MATCH(Table7[[#This Row],[Defect العيب]],'QC Deviation Record Hall 1 '!$B$120:$B$221,0))} | E42: {=INDEX('QC Deviation Record Hall 1 '!$D$120:$D$221,MATCH(Table7[[#This Row],[Defect العيب]],'QC Deviation Record Hall 1 '!$B$120:$B$221,0))} | F42: {=INDEX('QC Deviation Record Hall 1 '!$E$120:$E$221,MATCH(Table7[[#This Row],[Defect العيب]],'QC Deviation Record Hall 1 '!$B$120:$B$221,0))} | G42: {=INDEX('QC Deviation Record Hall 1 '!$F$120:$F$221,MATCH(Table7[[#This Row],[Defect العيب]],'QC Deviation Record Hall 1 '!$B$120:$B$221,0))} | H42: {=INDEX('QC Deviation Record Hall 1 '!$G$120:$G$221,MATCH(Table7[[#This Row],[Defect العيب]],'QC Deviation Record Hall 1 '!$B$120:$B$221,0))} | I42: {=INDEX('QC Deviation Record Hall 1 '!$H$120:$H$221,MATCH(Table7[[#This Row],[Defect العيب]],'QC Deviation Record Hall 1 '!$B$120:$B$221,0))} | J42: {=INDEX('QC Deviation Record Hall 1 '!$I$120:$I$221,MATCH(Table7[[#This Row],[Defect العيب]],'QC Deviation Record Hall 1 '!$B$120:$B$221,0))} | K42: {=INDEX('QC Deviation Record Hall 1 '!$J$120:$J$221,MATCH(Table7[[#This Row],[Defect العيب]],'QC Deviation Record Hall 1 '!$B$120:$B$221,0))} | L42: {=INDEX('QC Deviation Record Hall 1 '!$K$120:$K$221,MATCH(Table7[[#This Row],[Defect العيب]],'QC Deviation Record Hall 1 '!$B$120:$B$221,0))} | M42: {=INDEX('QC Deviation Record Hall 1 '!$L$120:$L$221,MATCH(Table7[[#This Row],[Defect العيب]],'QC Deviation Record Hall 1 '!$B$120:$B$221,0))} | N42: {=INDEX('QC Deviation Record Hall 1 '!$M$120:$M$221,MATCH(Table7[[#This Row],[Defect العيب]],'QC Deviation Record Hall 1 '!$B$120:$B$221,0))} | O42: {=INDEX('QC Deviation Record Hall 1 '!$N$120:$N$221,MATCH(Table7[[#This Row],[Defect العيب]],'QC Deviation Record Hall 1 '!$B$120:$B$221,0))} | Q42: {=INDEX('QC Deviation Record Hall 2'!$A$119:$A$220,MATCH(Table11[[#This Row],[Defect العيب]],'QC Deviation Record Hall 2'!$B$119:$B$220,0))} -> LK01 | R42: {=INDEX('QC Deviation Record Hall 2'!$B$119:$B$220,MATCH(LARGE('QC Deviation Record Hall 2'!$M$119:$M$220-ROW('QC Deviation Record Hall 2'!$M$119:$M$220)/10000000,ROW(A9)),'QC Deviation Record Hall 2'!$M$119:$M$220-ROW('QC Deviation Record Hall 2'!$M$119:$M$220)/10000000,0))} -> تسريب من جسم الكوب/العبوة | T42: {=INDEX('QC Deviation Record Hall 2'!$C$119:$C$220,MATCH(Table11[[#This Row],[Defect العيب]],'QC Deviation Record Hall 2'!$B$119:$B$220,0))} | U42: {=INDEX('QC Deviation Record Hall 2'!$D$119:$D$220,MATCH(Table11[[#This Row],[Defect العيب]],'QC Deviation Record Hall 2'!$B$119:$B$220,0))} | V42: {=INDEX('QC Deviation Record Hall 2'!$E$119:$E$220,MATCH(Table11[[#This Row],[Defect العيب]],'QC Deviation Record Hall 2'!$B$119:$B$220,0))} | W42: {=INDEX('QC Deviation Record Hall 2'!$F$119:$F$220,MATCH(Table11[[#This Row],[Defect العيب]],'QC Deviation Record Hall 2'!$B$119:$B$220,0))} | X42: {=INDEX('QC Deviation Record Hall 2'!$G$119:$G$220,MATCH(Table11[[#This Row],[Defect العيب]],'QC Deviation Record Hall 2'!$B$119:$B$220,0))} | Y42: {=INDEX('QC Deviation Record Hall 2'!$H$119:$H$220,MATCH(Table11[[#This Row],[Defect العيب]],'QC Deviation Record Hall 2'!$B$119:$B$220,0))} | Z42: {=INDEX('QC Deviation Record Hall 2'!$I$119:$I$220,MATCH(Table11[[#This Row],[Defect العيب]],'QC Deviation Record Hall 2'!$B$119:$B$220,0))} | AA42: {=INDEX('QC Deviation Record Hall 2'!$J$119:$J$220,MATCH(Table11[[#This Row],[Defect العيب]],'QC Deviation Record Hall 2'!$B$119:$B$220,0))} | AB42: {=INDEX('QC Deviation Record Hall 2'!$K$119:$K$220,MATCH(Table11[[#This Row],[Defect العيب]],'QC Deviation Record Hall 2'!$B$119:$B$220,0))} | AC42: {=INDEX('QC Deviation Record Hall 2'!$L$119:$L$220,MATCH(Table11[[#This Row],[Defect العيب]],'QC Deviation Record Hall 2'!$B$119:$B$220,0))} | AF42: {=INDEX('QC Deviation Record Hall 3'!$A$119:$A$220,MATCH(Table111[[#This Row],[Defect العيب]],'QC Deviation Record Hall 3'!$B$119:$B$220,0))} -> LK01 | AG42: {=INDEX('QC Deviation Record Hall 3'!$B$119:$B$220,MATCH(LARGE('QC Deviation Record Hall 3'!$M$119:$M$220-ROW('QC Deviation Record Hall 3'!$M$119:$M$220)/10000000,ROW(A9)),'QC Deviation Record Hall 3'!$M$119:$M$220-ROW('QC Deviation Record Hall 3'!$M$119:$M$220)/10000000,0))} -> تسريب من جسم الكوب/العبوة | AI42: {=INDEX('QC Deviation Record Hall 3'!$C$119:$C$220,MATCH(Table111[[#This Row],[Defect العيب]],'QC Deviation Record Hall 3'!$B$119:$B$220,0))} | AJ42: {=INDEX('QC Deviation Record Hall 3'!$D$119:$D$220,MATCH(Table111[[#This Row],[Defect العيب]],'QC Deviation Record Hall 3'!$B$119:$B$220,0))} | AK42: {=INDEX('QC Deviation Record Hall 3'!$E$119:$E$220,MATCH(Table111[[#This Row],[Defect العيب]],'QC Deviation Record Hall 3'!$B$119:$B$220,0))} | AL42: {=INDEX('QC Deviation Record Hall 3'!$F$119:$F$220,MATCH(Table111[[#This Row],[Defect العيب]],'QC Deviation Record Hall 3'!$B$119:$B$220,0))} | AM42: {=INDEX('QC Deviation Record Hall 3'!$G$119:$G$220,MATCH(Table111[[#This Row],[Defect العيب]],'QC Deviation Record Hall 3'!$B$119:$B$220,0))} | AN42: {=INDEX('QC Deviation Record Hall 3'!$H$119:$H$220,MATCH(Table111[[#This Row],[Defect العيب]],'QC Deviation Record Hall 3'!$B$119:$B$220,0))} | AO42: {=INDEX('QC Deviation Record Hall 3'!$I$119:$I$220,MATCH(Table111[[#This Row],[Defect العيب]],'QC Deviation Record Hall 3'!$B$119:$B$220,0))} | AP42: {=INDEX('QC Deviation Record Hall 3'!$J$119:$J$220,MATCH(Table111[[#This Row],[Defect العيب]],'QC Deviation Record Hall 3'!$B$119:$B$220,0))} | AQ42: {=INDEX('QC Deviation Record Hall 3'!$K$119:$K$220,MATCH(Table111[[#This Row],[Defect العيب]],'QC Deviation Record Hall 3'!$B$119:$B$220,0))} | AR42: {=INDEX('QC Deviation Record Hall 3'!$L$119:$L$220,MATCH(Table111[[#This Row],[Defect العيب]],'QC Deviation Record Hall 3'!$B$119:$B$220,0))}
A43: {=INDEX('QC Deviation Record Hall 1 '!$A$120:$A$221,MATCH(Table7[[#This Row],[Defect العيب]],'QC Deviation Record Hall 1 '!$B$120:$B$221,0))} -> LK02 | B43: {=INDEX('QC Deviation Record Hall 1 '!$B$120:$B$221,MATCH(LARGE('QC Deviation Record Hall 1 '!$O$120:$O$221-ROW('QC Deviation Record Hall 1 '!$O$120:$O$221)/10000000,ROW(A10)),'QC Deviation Record Hall 1 '!$O$120:$O$221-ROW('QC Deviation Record Hall 1 '!$O$120:$O$221)/10000000,0))} -> تسريب من منطقة الغطاء | D43: {=INDEX('QC Deviation Record Hall 1 '!$C$120:$C$221,MATCH(Table7[[#This Row],[Defect العيب]],'QC Deviation Record Hall 1 '!$B$120:$B$221,0))} | E43: {=INDEX('QC Deviation Record Hall 1 '!$D$120:$D$221,MATCH(Table7[[#This Row],[Defect العيب]],'QC Deviation Record Hall 1 '!$B$120:$B$221,0))} | F43: {=INDEX('QC Deviation Record Hall 1 '!$E$120:$E$221,MATCH(Table7[[#This Row],[Defect العيب]],'QC Deviation Record Hall 1 '!$B$120:$B$221,0))} | G43: {=INDEX('QC Deviation Record Hall 1 '!$F$120:$F$221,MATCH(Table7[[#This Row],[Defect العيب]],'QC Deviation Record Hall 1 '!$B$120:$B$221,0))} | H43: {=INDEX('QC Deviation Record Hall 1 '!$G$120:$G$221,MATCH(Table7[[#This Row],[Defect العيب]],'QC Deviation Record Hall 1 '!$B$120:$B$221,0))} | I43: {=INDEX('QC Deviation Record Hall 1 '!$H$120:$H$221,MATCH(Table7[[#This Row],[Defect العيب]],'QC Deviation Record Hall 1 '!$B$120:$B$221,0))} | J43: {=INDEX('QC Deviation Record Hall 1 '!$I$120:$I$221,MATCH(Table7[[#This Row],[Defect العيب]],'QC Deviation Record Hall 1 '!$B$120:$B$221,0))} | K43: {=INDEX('QC Deviation Record Hall 1 '!$J$120:$J$221,MATCH(Table7[[#This Row],[Defect العيب]],'QC Deviation Record Hall 1 '!$B$120:$B$221,0))} | L43: {=INDEX('QC Deviation Record Hall 1 '!$K$120:$K$221,MATCH(Table7[[#This Row],[Defect العيب]],'QC Deviation Record Hall 1 '!$B$120:$B$221,0))} | M43: {=INDEX('QC Deviation Record Hall 1 '!$L$120:$L$221,MATCH(Table7[[#This Row],[Defect العيب]],'QC Deviation Record Hall 1 '!$B$120:$B$221,0))} | N43: {=INDEX('QC Deviation Record Hall 1 '!$M$120:$M$221,MATCH(Table7[[#This Row],[Defect العيب]],'QC Deviation Record Hall 1 '!$B$120:$B$221,0))} | O43: {=INDEX('QC Deviation Record Hall 1 '!$N$120:$N$221,MATCH(Table7[[#This Row],[Defect العيب]],'QC Deviation Record Hall 1 '!$B$120:$B$221,0))} | Q43: {=INDEX('QC Deviation Record Hall 2'!$A$119:$A$220,MATCH(Table11[[#This Row],[Defect العيب]],'QC Deviation Record Hall 2'!$B$119:$B$220,0))} -> LK02 | R43: {=INDEX('QC Deviation Record Hall 2'!$B$119:$B$220,MATCH(LARGE('QC Deviation Record Hall 2'!$M$119:$M$220-ROW('QC Deviation Record Hall 2'!$M$119:$M$220)/10000000,ROW(A10)),'QC Deviation Record Hall 2'!$M$119:$M$220-ROW('QC Deviation Record Hall 2'!$M$119:$M$220)/10000000,0))} -> تسريب من منطقة الغطاء | T43: {=INDEX('QC Deviation Record Hall 2'!$C$119:$C$220,MATCH(Table11[[#This Row],[Defect العيب]],'QC Deviation Record Hall 2'!$B$119:$B$220,0))} | U43: {=INDEX('QC Deviation Record Hall 2'!$D$119:$D$220,MATCH(Table11[[#This Row],[Defect العيب]],'QC Deviation Record Hall 2'!$B$119:$B$220,0))} | V43: {=INDEX('QC Deviation Record Hall 2'!$E$119:$E$220,MATCH(Table11[[#This Row],[Defect العيب]],'QC Deviation Record Hall 2'!$B$119:$B$220,0))} | W43: {=INDEX('QC Deviation Record Hall 2'!$F$119:$F$220,MATCH(Table11[[#This Row],[Defect العيب]],'QC Deviation Record Hall 2'!$B$119:$B$220,0))} | X43: {=INDEX('QC Deviation Record Hall 2'!$G$119:$G$220,MATCH(Table11[[#This Row],[Defect العيب]],'QC Deviation Record Hall 2'!$B$119:$B$220,0))} | Y43: {=INDEX('QC Deviation Record Hall 2'!$H$119:$H$220,MATCH(Table11[[#This Row],[Defect العيب]],'QC Deviation Record Hall 2'!$B$119:$B$220,0))} | Z43: {=INDEX('QC Deviation Record Hall 2'!$I$119:$I$220,MATCH(Table11[[#This Row],[Defect العيب]],'QC Deviation Record Hall 2'!$B$119:$B$220,0))} | AA43: {=INDEX('QC Deviation Record Hall 2'!$J$119:$J$220,MATCH(Table11[[#This Row],[Defect العيب]],'QC Deviation Record Hall 2'!$B$119:$B$220,0))} | AB43: {=INDEX('QC Deviation Record Hall 2'!$K$119:$K$220,MATCH(Table11[[#This Row],[Defect العيب]],'QC Deviation Record Hall 2'!$B$119:$B$220,0))} | AC43: {=INDEX('QC Deviation Record Hall 2'!$L$119:$L$220,MATCH(Table11[[#This Row],[Defect العيب]],'QC Deviation Record Hall 2'!$B$119:$B$220,0))} | AF43: {=INDEX('QC Deviation Record Hall 3'!$A$119:$A$220,MATCH(Table111[[#This Row],[Defect العيب]],'QC Deviation Record Hall 3'!$B$119:$B$220,0))} -> LK02 | AG43: {=INDEX('QC Deviation Record Hall 3'!$B$119:$B$220,MATCH(LARGE('QC Deviation Record Hall 3'!$M$119:$M$220-ROW('QC Deviation Record Hall 3'!$M$119:$M$220)/10000000,ROW(A10)),'QC Deviation Record Hall 3'!$M$119:$M$220-ROW('QC Deviation Record Hall 3'!$M$119:$M$220)/10000000,0))} -> تسريب من منطقة الغطاء | AI43: {=INDEX('QC Deviation Record Hall 3'!$C$119:$C$220,MATCH(Table111[[#This Row],[Defect العيب]],'QC Deviation Record Hall 3'!$B$119:$B$220,0))} | AJ43: {=INDEX('QC Deviation Record Hall 3'!$D$119:$D$220,MATCH(Table111[[#This Row],[Defect العيب]],'QC Deviation Record Hall 3'!$B$119:$B$220,0))} | AK43: {=INDEX('QC Deviation Record Hall 3'!$E$119:$E$220,MATCH(Table111[[#This Row],[Defect العيب]],'QC Deviation Record Hall 3'!$B$119:$B$220,0))} | AL43: {=INDEX('QC Deviation Record Hall 3'!$F$119:$F$220,MATCH(Table111[[#This Row],[Defect العيب]],'QC Deviation Record Hall 3'!$B$119:$B$220,0))} | AM43: {=INDEX('QC Deviation Record Hall 3'!$G$119:$G$220,MATCH(Table111[[#This Row],[Defect العيب]],'QC Deviation Record Hall 3'!$B$119:$B$220,0))} | AN43: {=INDEX('QC Deviation Record Hall 3'!$H$119:$H$220,MATCH(Table111[[#This Row],[Defect العيب]],'QC Deviation Record Hall 3'!$B$119:$B$220,0))} | AO43: {=INDEX('QC Deviation Record Hall 3'!$I$119:$I$220,MATCH(Table111[[#This Row],[Defect العيب]],'QC Deviation Record Hall 3'!$B$119:$B$220,0))} | AP43: {=INDEX('QC Deviation Record Hall 3'!$J$119:$J$220,MATCH(Table111[[#This Row],[Defect العيب]],'QC Deviation Record Hall 3'!$B$119:$B$220,0))} | AQ43: {=INDEX('QC Deviation Record Hall 3'!$K$119:$K$220,MATCH(Table111[[#This Row],[Defect العيب]],'QC Deviation Record Hall 3'!$B$119:$B$220,0))} | AR43: {=INDEX('QC Deviation Record Hall 3'!$L$119:$L$220,MATCH(Table111[[#This Row],[Defect العيب]],'QC Deviation Record Hall 3'!$B$119:$B$220,0))}
A44: {=INDEX('QC Deviation Record Hall 1 '!$A$120:$A$221,MATCH(Table7[[#This Row],[Defect العيب]],'QC Deviation Record Hall 1 '!$B$120:$B$221,0))} -> LK03 | B44: {=INDEX('QC Deviation Record Hall 1 '!$B$120:$B$221,MATCH(LARGE('QC Deviation Record Hall 1 '!$O$120:$O$221-ROW('QC Deviation Record Hall 1 '!$O$120:$O$221)/10000000,ROW(A11)),'QC Deviation Record Hall 1 '!$O$120:$O$221-ROW('QC Deviation Record Hall 1 '!$O$120:$O$221)/10000000,0))} -> تسريب بعد التجميد | D44: {=INDEX('QC Deviation Record Hall 1 '!$C$120:$C$221,MATCH(Table7[[#This Row],[Defect العيب]],'QC Deviation Record Hall 1 '!$B$120:$B$221,0))} | E44: {=INDEX('QC Deviation Record Hall 1 '!$D$120:$D$221,MATCH(Table7[[#This Row],[Defect العيب]],'QC Deviation Record Hall 1 '!$B$120:$B$221,0))} | F44: {=INDEX('QC Deviation Record Hall 1 '!$E$120:$E$221,MATCH(Table7[[#This Row],[Defect العيب]],'QC Deviation Record Hall 1 '!$B$120:$B$221,0))} | G44: {=INDEX('QC Deviation Record Hall 1 '!$F$120:$F$221,MATCH(Table7[[#This Row],[Defect العيب]],'QC Deviation Record Hall 1 '!$B$120:$B$221,0))} | H44: {=INDEX('QC Deviation Record Hall 1 '!$G$120:$G$221,MATCH(Table7[[#This Row],[Defect العيب]],'QC Deviation Record Hall 1 '!$B$120:$B$221,0))} | I44: {=INDEX('QC Deviation Record Hall 1 '!$H$120:$H$221,MATCH(Table7[[#This Row],[Defect العيب]],'QC Deviation Record Hall 1 '!$B$120:$B$221,0))} | J44: {=INDEX('QC Deviation Record Hall 1 '!$I$120:$I$221,MATCH(Table7[[#This Row],[Defect العيب]],'QC Deviation Record Hall 1 '!$B$120:$B$221,0))} | K44: {=INDEX('QC Deviation Record Hall 1 '!$J$120:$J$221,MATCH(Table7[[#This Row],[Defect العيب]],'QC Deviation Record Hall 1 '!$B$120:$B$221,0))} | L44: {=INDEX('QC Deviation Record Hall 1 '!$K$120:$K$221,MATCH(Table7[[#This Row],[Defect العيب]],'QC Deviation Record Hall 1 '!$B$120:$B$221,0))} | M44: {=INDEX('QC Deviation Record Hall 1 '!$L$120:$L$221,MATCH(Table7[[#This Row],[Defect العيب]],'QC Deviation Record Hall 1 '!$B$120:$B$221,0))} | N44: {=INDEX('QC Deviation Record Hall 1 '!$M$120:$M$221,MATCH(Table7[[#This Row],[Defect العيب]],'QC Deviation Record Hall 1 '!$B$120:$B$221,0))} | O44: {=INDEX('QC Deviation Record Hall 1 '!$N$120:$N$221,MATCH(Table7[[#This Row],[Defect العيب]],'QC Deviation Record Hall 1 '!$B$120:$B$221,0))} | Q44: {=INDEX('QC Deviation Record Hall 2'!$A$119:$A$220,MATCH(Table11[[#This Row],[Defect العيب]],'QC Deviation Record Hall 2'!$B$119:$B$220,0))} -> LK03 | R44: {=INDEX('QC Deviation Record Hall 2'!$B$119:$B$220,MATCH(LARGE('QC Deviation Record Hall 2'!$M$119:$M$220-ROW('QC Deviation Record Hall 2'!$M$119:$M$220)/10000000,ROW(A11)),'QC Deviation Record Hall 2'!$M$119:$M$220-ROW('QC Deviation Record Hall 2'!$M$119:$M$220)/10000000,0))} -> تسريب بعد التجميد | T44: {=INDEX('QC Deviation Record Hall 2'!$C$119:$C$220,MATCH(Table11[[#This Row],[Defect العيب]],'QC Deviation Record Hall 2'!$B$119:$B$220,0))} | U44: {=INDEX('QC Deviation Record Hall 2'!$D$119:$D$220,MATCH(Table11[[#This Row],[Defect العيب]],'QC Deviation Record Hall 2'!$B$119:$B$220,0))} | V44: {=INDEX('QC Deviation Record Hall 2'!$E$119:$E$220,MATCH(Table11[[#This Row],[Defect العيب]],'QC Deviation Record Hall 2'!$B$119:$B$220,0))} | W44: {=INDEX('QC Deviation Record Hall 2'!$F$119:$F$220,MATCH(Table11[[#This Row],[Defect العيب]],'QC Deviation Record Hall 2'!$B$119:$B$220,0))} | X44: {=INDEX('QC Deviation Record Hall 2'!$G$119:$G$220,MATCH(Table11[[#This Row],[Defect العيب]],'QC Deviation Record Hall 2'!$B$119:$B$220,0))} | Y44: {=INDEX('QC Deviation Record Hall 2'!$H$119:$H$220,MATCH(Table11[[#This Row],[Defect العيب]],'QC Deviation Record Hall 2'!$B$119:$B$220,0))} | Z44: {=INDEX('QC Deviation Record Hall 2'!$I$119:$I$220,MATCH(Table11[[#This Row],[Defect العيب]],'QC Deviation Record Hall 2'!$B$119:$B$220,0))} | AA44: {=INDEX('QC Deviation Record Hall 2'!$J$119:$J$220,MATCH(Table11[[#This Row],[Defect العيب]],'QC Deviation Record Hall 2'!$B$119:$B$220,0))} | AB44: {=INDEX('QC Deviation Record Hall 2'!$K$119:$K$220,MATCH(Table11[[#This Row],[Defect العيب]],'QC Deviation Record Hall 2'!$B$119:$B$220,0))} | AC44: {=INDEX('QC Deviation Record Hall 2'!$L$119:$L$220,MATCH(Table11[[#This Row],[Defect العيب]],'QC Deviation Record Hall 2'!$B$119:$B$220,0))} | AF44: {=INDEX('QC Deviation Record Hall 3'!$A$119:$A$220,MATCH(Table111[[#This Row],[Defect العيب]],'QC Deviation Record Hall 3'!$B$119:$B$220,0))} -> LK03 | AG44: {=INDEX('QC Deviation Record Hall 3'!$B$119:$B$220,MATCH(LARGE('QC Deviation Record Hall 3'!$M$119:$M$220-ROW('QC Deviation Record Hall 3'!$M$119:$M$220)/10000000,ROW(A11)),'QC Deviation Record Hall 3'!$M$119:$M$220-ROW('QC Deviation Record Hall 3'!$M$119:$M$220)/10000000,0))} -> تسريب بعد التجميد | AI44: {=INDEX('QC Deviation Record Hall 3'!$C$119:$C$220,MATCH(Table111[[#This Row],[Defect العيب]],'QC Deviation Record Hall 3'!$B$119:$B$220,0))} | AJ44: {=INDEX('QC Deviation Record Hall 3'!$D$119:$D$220,MATCH(Table111[[#This Row],[Defect العيب]],'QC Deviation Record Hall 3'!$B$119:$B$220,0))} | AK44: {=INDEX('QC Deviation Record Hall 3'!$E$119:$E$220,MATCH(Table111[[#This Row],[Defect العيب]],'QC Deviation Record Hall 3'!$B$119:$B$220,0))} | AL44: {=INDEX('QC Deviation Record Hall 3'!$F$119:$F$220,MATCH(Table111[[#This Row],[Defect العيب]],'QC Deviation Record Hall 3'!$B$119:$B$220,0))} | AM44: {=INDEX('QC Deviation Record Hall 3'!$G$119:$G$220,MATCH(Table111[[#This Row],[Defect العيب]],'QC Deviation Record Hall 3'!$B$119:$B$220,0))} | AN44: {=INDEX('QC Deviation Record Hall 3'!$H$119:$H$220,MATCH(Table111[[#This Row],[Defect العيب]],'QC Deviation Record Hall 3'!$B$119:$B$220,0))} | AO44: {=INDEX('QC Deviation Record Hall 3'!$I$119:$I$220,MATCH(Table111[[#This Row],[Defect العيب]],'QC Deviation Record Hall 3'!$B$119:$B$220,0))} | AP44: {=INDEX('QC Deviation Record Hall 3'!$J$119:$J$220,MATCH(Table111[[#This Row],[Defect العيب]],'QC Deviation Record Hall 3'!$B$119:$B$220,0))} | AQ44: {=INDEX('QC Deviation Record Hall 3'!$K$119:$K$220,MATCH(Table111[[#This Row],[Defect العيب]],'QC Deviation Record Hall 3'!$B$119:$B$220,0))} | AR44: {=INDEX('QC Deviation Record Hall 3'!$L$119:$L$220,MATCH(Table111[[#This Row],[Defect العيب]],'QC Deviation Record Hall 3'!$B$119:$B$220,0))}
A45: {=INDEX('QC Deviation Record Hall 1 '!$A$120:$A$221,MATCH(Table7[[#This Row],[Defect العيب]],'QC Deviation Record Hall 1 '!$B$120:$B$221,0))} -> LK04 | B45: {=INDEX('QC Deviation Record Hall 1 '!$B$120:$B$221,MATCH(LARGE('QC Deviation Record Hall 1 '!$O$120:$O$221-ROW('QC Deviation Record Hall 1 '!$O$120:$O$221)/10000000,ROW(A12)),'QC Deviation Record Hall 1 '!$O$120:$O$221-ROW('QC Deviation Record Hall 1 '!$O$120:$O$221)/10000000,0))} -> تسريب أثناء النقل الداخلي | D45: {=INDEX('QC Deviation Record Hall 1 '!$C$120:$C$221,MATCH(Table7[[#This Row],[Defect العيب]],'QC Deviation Record Hall 1 '!$B$120:$B$221,0))} | E45: {=INDEX('QC Deviation Record Hall 1 '!$D$120:$D$221,MATCH(Table7[[#This Row],[Defect العيب]],'QC Deviation Record Hall 1 '!$B$120:$B$221,0))} | F45: {=INDEX('QC Deviation Record Hall 1 '!$E$120:$E$221,MATCH(Table7[[#This Row],[Defect العيب]],'QC Deviation Record Hall 1 '!$B$120:$B$221,0))} | G45: {=INDEX('QC Deviation Record Hall 1 '!$F$120:$F$221,MATCH(Table7[[#This Row],[Defect العيب]],'QC Deviation Record Hall 1 '!$B$120:$B$221,0))} | H45: {=INDEX('QC Deviation Record Hall 1 '!$G$120:$G$221,MATCH(Table7[[#This Row],[Defect العيب]],'QC Deviation Record Hall 1 '!$B$120:$B$221,0))} | I45: {=INDEX('QC Deviation Record Hall 1 '!$H$120:$H$221,MATCH(Table7[[#This Row],[Defect العيب]],'QC Deviation Record Hall 1 '!$B$120:$B$221,0))} | J45: {=INDEX('QC Deviation Record Hall 1 '!$I$120:$I$221,MATCH(Table7[[#This Row],[Defect العيب]],'QC Deviation Record Hall 1 '!$B$120:$B$221,0))} | K45: {=INDEX('QC Deviation Record Hall 1 '!$J$120:$J$221,MATCH(Table7[[#This Row],[Defect العيب]],'QC Deviation Record Hall 1 '!$B$120:$B$221,0))} | L45: {=INDEX('QC Deviation Record Hall 1 '!$K$120:$K$221,MATCH(Table7[[#This Row],[Defect العيب]],'QC Deviation Record Hall 1 '!$B$120:$B$221,0))} | M45: {=INDEX('QC Deviation Record Hall 1 '!$L$120:$L$221,MATCH(Table7[[#This Row],[Defect العيب]],'QC Deviation Record Hall 1 '!$B$120:$B$221,0))} | N45: {=INDEX('QC Deviation Record Hall 1 '!$M$120:$M$221,MATCH(Table7[[#This Row],[Defect العيب]],'QC Deviation Record Hall 1 '!$B$120:$B$221,0))} | O45: {=INDEX('QC Deviation Record Hall 1 '!$N$120:$N$221,MATCH(Table7[[#This Row],[Defect العيب]],'QC Deviation Record Hall 1 '!$B$120:$B$221,0))} | Q45: {=INDEX('QC Deviation Record Hall 2'!$A$119:$A$220,MATCH(Table11[[#This Row],[Defect العيب]],'QC Deviation Record Hall 2'!$B$119:$B$220,0))} -> LK04 | R45: {=INDEX('QC Deviation Record Hall 2'!$B$119:$B$220,MATCH(LARGE('QC Deviation Record Hall 2'!$M$119:$M$220-ROW('QC Deviation Record Hall 2'!$M$119:$M$220)/10000000,ROW(A12)),'QC Deviation Record Hall 2'!$M$119:$M$220-ROW('QC Deviation Record Hall 2'!$M$119:$M$220)/10000000,0))} -> تسريب أثناء النقل الداخلي | T45: {=INDEX('QC Deviation Record Hall 2'!$C$119:$C$220,MATCH(Table11[[#This Row],[Defect العيب]],'QC Deviation Record Hall 2'!$B$119:$B$220,0))} | U45: {=INDEX('QC Deviation Record Hall 2'!$D$119:$D$220,MATCH(Table11[[#This Row],[Defect العيب]],'QC Deviation Record Hall 2'!$B$119:$B$220,0))} | V45: {=INDEX('QC Deviation Record Hall 2'!$E$119:$E$220,MATCH(Table11[[#This Row],[Defect العيب]],'QC Deviation Record Hall 2'!$B$119:$B$220,0))} | W45: {=INDEX('QC Deviation Record Hall 2'!$F$119:$F$220,MATCH(Table11[[#This Row],[Defect العيب]],'QC Deviation Record Hall 2'!$B$119:$B$220,0))} | X45: {=INDEX('QC Deviation Record Hall 2'!$G$119:$G$220,MATCH(Table11[[#This Row],[Defect العيب]],'QC Deviation Record Hall 2'!$B$119:$B$220,0))} | Y45: {=INDEX('QC Deviation Record Hall 2'!$H$119:$H$220,MATCH(Table11[[#This Row],[Defect العيب]],'QC Deviation Record Hall 2'!$B$119:$B$220,0))} | Z45: {=INDEX('QC Deviation Record Hall 2'!$I$119:$I$220,MATCH(Table11[[#This Row],[Defect العيب]],'QC Deviation Record Hall 2'!$B$119:$B$220,0))} | AA45: {=INDEX('QC Deviation Record Hall 2'!$J$119:$J$220,MATCH(Table11[[#This Row],[Defect العيب]],'QC Deviation Record Hall 2'!$B$119:$B$220,0))} | AB45: {=INDEX('QC Deviation Record Hall 2'!$K$119:$K$220,MATCH(Table11[[#This Row],[Defect العيب]],'QC Deviation Record Hall 2'!$B$119:$B$220,0))} | AC45: {=INDEX('QC Deviation Record Hall 2'!$L$119:$L$220,MATCH(Table11[[#This Row],[Defect العيب]],'QC Deviation Record Hall 2'!$B$119:$B$220,0))} | AF45: {=INDEX('QC Deviation Record Hall 3'!$A$119:$A$220,MATCH(Table111[[#This Row],[Defect العيب]],'QC Deviation Record Hall 3'!$B$119:$B$220,0))} -> LK04 | AG45: {=INDEX('QC Deviation Record Hall 3'!$B$119:$B$220,MATCH(LARGE('QC Deviation Record Hall 3'!$M$119:$M$220-ROW('QC Deviation Record Hall 3'!$M$119:$M$220)/10000000,ROW(A12)),'QC Deviation Record Hall 3'!$M$119:$M$220-ROW('QC Deviation Record Hall 3'!$M$119:$M$220)/10000000,0))} -> تسريب أثناء النقل الداخلي | AI45: {=INDEX('QC Deviation Record Hall 3'!$C$119:$C$220,MATCH(Table111[[#This Row],[Defect العيب]],'QC Deviation Record Hall 3'!$B$119:$B$220,0))} | AJ45: {=INDEX('QC Deviation Record Hall 3'!$D$119:$D$220,MATCH(Table111[[#This Row],[Defect العيب]],'QC Deviation Record Hall 3'!$B$119:$B$220,0))} | AK45: {=INDEX('QC Deviation Record Hall 3'!$E$119:$E$220,MATCH(Table111[[#This Row],[Defect العيب]],'QC Deviation Record Hall 3'!$B$119:$B$220,0))} | AL45: {=INDEX('QC Deviation Record Hall 3'!$F$119:$F$220,MATCH(Table111[[#This Row],[Defect العيب]],'QC Deviation Record Hall 3'!$B$119:$B$220,0))} | AM45: {=INDEX('QC Deviation Record Hall 3'!$G$119:$G$220,MATCH(Table111[[#This Row],[Defect العيب]],'QC Deviation Record Hall 3'!$B$119:$B$220,0))} | AN45: {=INDEX('QC Deviation Record Hall 3'!$H$119:$H$220,MATCH(Table111[[#This Row],[Defect العيب]],'QC Deviation Record Hall 3'!$B$119:$B$220,0))} | AO45: {=INDEX('QC Deviation Record Hall 3'!$I$119:$I$220,MATCH(Table111[[#This Row],[Defect العيب]],'QC Deviation Record Hall 3'!$B$119:$B$220,0))} | AP45: {=INDEX('QC Deviation Record Hall 3'!$J$119:$J$220,MATCH(Table111[[#This Row],[Defect العيب]],'QC Deviation Record Hall 3'!$B$119:$B$220,0))} | AQ45: {=INDEX('QC Deviation Record Hall 3'!$K$119:$K$220,MATCH(Table111[[#This Row],[Defect العيب]],'QC Deviation Record Hall 3'!$B$119:$B$220,0))} | AR45: {=INDEX('QC Deviation Record Hall 3'!$L$119:$L$220,MATCH(Table111[[#This Row],[Defect العيب]],'QC Deviation Record Hall 3'!$B$119:$B$220,0))}
A46: {=INDEX('QC Deviation Record Hall 1 '!$A$120:$A$221,MATCH(Table7[[#This Row],[Defect العيب]],'QC Deviation Record Hall 1 '!$B$120:$B$221,0))} -> LK05 | B46: {=INDEX('QC Deviation Record Hall 1 '!$B$120:$B$221,MATCH(LARGE('QC Deviation Record Hall 1 '!$O$120:$O$221-ROW('QC Deviation Record Hall 1 '!$O$120:$O$221)/10000000,ROW(A13)),'QC Deviation Record Hall 1 '!$O$120:$O$221-ROW('QC Deviation Record Hall 1 '!$O$120:$O$221)/10000000,0))} -> تسريب بسبب تشقق العبوة | D46: {=INDEX('QC Deviation Record Hall 1 '!$C$120:$C$221,MATCH(Table7[[#This Row],[Defect العيب]],'QC Deviation Record Hall 1 '!$B$120:$B$221,0))} | E46: {=INDEX('QC Deviation Record Hall 1 '!$D$120:$D$221,MATCH(Table7[[#This Row],[Defect العيب]],'QC Deviation Record Hall 1 '!$B$120:$B$221,0))} | F46: {=INDEX('QC Deviation Record Hall 1 '!$E$120:$E$221,MATCH(Table7[[#This Row],[Defect العيب]],'QC Deviation Record Hall 1 '!$B$120:$B$221,0))} | G46: {=INDEX('QC Deviation Record Hall 1 '!$F$120:$F$221,MATCH(Table7[[#This Row],[Defect العيب]],'QC Deviation Record Hall 1 '!$B$120:$B$221,0))} | H46: {=INDEX('QC Deviation Record Hall 1 '!$G$120:$G$221,MATCH(Table7[[#This Row],[Defect العيب]],'QC Deviation Record Hall 1 '!$B$120:$B$221,0))} | I46: {=INDEX('QC Deviation Record Hall 1 '!$H$120:$H$221,MATCH(Table7[[#This Row],[Defect العيب]],'QC Deviation Record Hall 1 '!$B$120:$B$221,0))} | J46: {=INDEX('QC Deviation Record Hall 1 '!$I$120:$I$221,MATCH(Table7[[#This Row],[Defect العيب]],'QC Deviation Record Hall 1 '!$B$120:$B$221,0))} | K46: {=INDEX('QC Deviation Record Hall 1 '!$J$120:$J$221,MATCH(Table7[[#This Row],[Defect العيب]],'QC Deviation Record Hall 1 '!$B$120:$B$221,0))} | L46: {=INDEX('QC Deviation Record Hall 1 '!$K$120:$K$221,MATCH(Table7[[#This Row],[Defect العيب]],'QC Deviation Record Hall 1 '!$B$120:$B$221,0))} | M46: {=INDEX('QC Deviation Record Hall 1 '!$L$120:$L$221,MATCH(Table7[[#This Row],[Defect العيب]],'QC Deviation Record Hall 1 '!$B$120:$B$221,0))} | N46: {=INDEX('QC Deviation Record Hall 1 '!$M$120:$M$221,MATCH(Table7[[#This Row],[Defect العيب]],'QC Deviation Record Hall 1 '!$B$120:$B$221,0))} | O46: {=INDEX('QC Deviation Record Hall 1 '!$N$120:$N$221,MATCH(Table7[[#This Row],[Defect العيب]],'QC Deviation Record Hall 1 '!$B$120:$B$221,0))} | Q46: {=INDEX('QC Deviation Record Hall 2'!$A$119:$A$220,MATCH(Table11[[#This Row],[Defect العيب]],'QC Deviation Record Hall 2'!$B$119:$B$220,0))} -> LK05 | R46: {=INDEX('QC Deviation Record Hall 2'!$B$119:$B$220,MATCH(LARGE('QC Deviation Record Hall 2'!$M$119:$M$220-ROW('QC Deviation Record Hall 2'!$M$119:$M$220)/10000000,ROW(A13)),'QC Deviation Record Hall 2'!$M$119:$M$220-ROW('QC Deviation Record Hall 2'!$M$119:$M$220)/10000000,0))} -> تسريب بسبب تشقق العبوة | T46: {=INDEX('QC Deviation Record Hall 2'!$C$119:$C$220,MATCH(Table11[[#This Row],[Defect العيب]],'QC Deviation Record Hall 2'!$B$119:$B$220,0))} | U46: {=INDEX('QC Deviation Record Hall 2'!$D$119:$D$220,MATCH(Table11[[#This Row],[Defect العيب]],'QC Deviation Record Hall 2'!$B$119:$B$220,0))} | V46: {=INDEX('QC Deviation Record Hall 2'!$E$119:$E$220,MATCH(Table11[[#This Row],[Defect العيب]],'QC Deviation Record Hall 2'!$B$119:$B$220,0))} | W46: {=INDEX('QC Deviation Record Hall 2'!$F$119:$F$220,MATCH(Table11[[#This Row],[Defect العيب]],'QC Deviation Record Hall 2'!$B$119:$B$220,0))} | X46: {=INDEX('QC Deviation Record Hall 2'!$G$119:$G$220,MATCH(Table11[[#This Row],[Defect العيب]],'QC Deviation Record Hall 2'!$B$119:$B$220,0))} | Y46: {=INDEX('QC Deviation Record Hall 2'!$H$119:$H$220,MATCH(Table11[[#This Row],[Defect العيب]],'QC Deviation Record Hall 2'!$B$119:$B$220,0))} | Z46: {=INDEX('QC Deviation Record Hall 2'!$I$119:$I$220,MATCH(Table11[[#This Row],[Defect العيب]],'QC Deviation Record Hall 2'!$B$119:$B$220,0))} | AA46: {=INDEX('QC Deviation Record Hall 2'!$J$119:$J$220,MATCH(Table11[[#This Row],[Defect العيب]],'QC Deviation Record Hall 2'!$B$119:$B$220,0))} | AB46: {=INDEX('QC Deviation Record Hall 2'!$K$119:$K$220,MATCH(Table11[[#This Row],[Defect العيب]],'QC Deviation Record Hall 2'!$B$119:$B$220,0))} | AC46: {=INDEX('QC Deviation Record Hall 2'!$L$119:$L$220,MATCH(Table11[[#This Row],[Defect العيب]],'QC Deviation Record Hall 2'!$B$119:$B$220,0))} | AF46: {=INDEX('QC Deviation Record Hall 3'!$A$119:$A$220,MATCH(Table111[[#This Row],[Defect العيب]],'QC Deviation Record Hall 3'!$B$119:$B$220,0))} -> LK05 | AG46: {=INDEX('QC Deviation Record Hall 3'!$B$119:$B$220,MATCH(LARGE('QC Deviation Record Hall 3'!$M$119:$M$220-ROW('QC Deviation Record Hall 3'!$M$119:$M$220)/10000000,ROW(A13)),'QC Deviation Record Hall 3'!$M$119:$M$220-ROW('QC Deviation Record Hall 3'!$M$119:$M$220)/10000000,0))} -> تسريب بسبب تشقق العبوة | AI46: {=INDEX('QC Deviation Record Hall 3'!$C$119:$C$220,MATCH(Table111[[#This Row],[Defect العيب]],'QC Deviation Record Hall 3'!$B$119:$B$220,0))} | AJ46: {=INDEX('QC Deviation Record Hall 3'!$D$119:$D$220,MATCH(Table111[[#This Row],[Defect العيب]],'QC Deviation Record Hall 3'!$B$119:$B$220,0))} | AK46: {=INDEX('QC Deviation Record Hall 3'!$E$119:$E$220,MATCH(Table111[[#This Row],[Defect العيب]],'QC Deviation Record Hall 3'!$B$119:$B$220,0))} | AL46: {=INDEX('QC Deviation Record Hall 3'!$F$119:$F$220,MATCH(Table111[[#This Row],[Defect العيب]],'QC Deviation Record Hall 3'!$B$119:$B$220,0))} | AM46: {=INDEX('QC Deviation Record Hall 3'!$G$119:$G$220,MATCH(Table111[[#This Row],[Defect العيب]],'QC Deviation Record Hall 3'!$B$119:$B$220,0))} | AN46: {=INDEX('QC Deviation Record Hall 3'!$H$119:$H$220,MATCH(Table111[[#This Row],[Defect العيب]],'QC Deviation Record Hall 3'!$B$119:$B$220,0))} | AO46: {=INDEX('QC Deviation Record Hall 3'!$I$119:$I$220,MATCH(Table111[[#This Row],[Defect العيب]],'QC Deviation Record Hall 3'!$B$119:$B$220,0))} | AP46: {=INDEX('QC Deviation Record Hall 3'!$J$119:$J$220,MATCH(Table111[[#This Row],[Defect العيب]],'QC Deviation Record Hall 3'!$B$119:$B$220,0))} | AQ46: {=INDEX('QC Deviation Record Hall 3'!$K$119:$K$220,MATCH(Table111[[#This Row],[Defect العيب]],'QC Deviation Record Hall 3'!$B$119:$B$220,0))} | AR46: {=INDEX('QC Deviation Record Hall 3'!$L$119:$L$220,MATCH(Table111[[#This Row],[Defect العيب]],'QC Deviation Record Hall 3'!$B$119:$B$220,0))}
A47: {=INDEX('QC Deviation Record Hall 1 '!$A$120:$A$221,MATCH(Table7[[#This Row],[Defect العيب]],'QC Deviation Record Hall 1 '!$B$120:$B$221,0))} -> LK06 | B47: {=INDEX('QC Deviation Record Hall 1 '!$B$120:$B$221,MATCH(LARGE('QC Deviation Record Hall 1 '!$O$120:$O$221-ROW('QC Deviation Record Hall 1 '!$O$120:$O$221)/10000000,ROW(A14)),'QC Deviation Record Hall 1 '!$O$120:$O$221-ROW('QC Deviation Record Hall 1 '!$O$120:$O$221)/10000000,0))} -> تسريب من اللحام بعد الفحص | D47: {=INDEX('QC Deviation Record Hall 1 '!$C$120:$C$221,MATCH(Table7[[#This Row],[Defect العيب]],'QC Deviation Record Hall 1 '!$B$120:$B$221,0))} | E47: {=INDEX('QC Deviation Record Hall 1 '!$D$120:$D$221,MATCH(Table7[[#This Row],[Defect العيب]],'QC Deviation Record Hall 1 '!$B$120:$B$221,0))} | F47: {=INDEX('QC Deviation Record Hall 1 '!$E$120:$E$221,MATCH(Table7[[#This Row],[Defect العيب]],'QC Deviation Record Hall 1 '!$B$120:$B$221,0))} | G47: {=INDEX('QC Deviation Record Hall 1 '!$F$120:$F$221,MATCH(Table7[[#This Row],[Defect العيب]],'QC Deviation Record Hall 1 '!$B$120:$B$221,0))} | H47: {=INDEX('QC Deviation Record Hall 1 '!$G$120:$G$221,MATCH(Table7[[#This Row],[Defect العيب]],'QC Deviation Record Hall 1 '!$B$120:$B$221,0))} | I47: {=INDEX('QC Deviation Record Hall 1 '!$H$120:$H$221,MATCH(Table7[[#This Row],[Defect العيب]],'QC Deviation Record Hall 1 '!$B$120:$B$221,0))} | J47: {=INDEX('QC Deviation Record Hall 1 '!$I$120:$I$221,MATCH(Table7[[#This Row],[Defect العيب]],'QC Deviation Record Hall 1 '!$B$120:$B$221,0))} | K47: {=INDEX('QC Deviation Record Hall 1 '!$J$120:$J$221,MATCH(Table7[[#This Row],[Defect العيب]],'QC Deviation Record Hall 1 '!$B$120:$B$221,0))} | L47: {=INDEX('QC Deviation Record Hall 1 '!$K$120:$K$221,MATCH(Table7[[#This Row],[Defect العيب]],'QC Deviation Record Hall 1 '!$B$120:$B$221,0))} | M47: {=INDEX('QC Deviation Record Hall 1 '!$L$120:$L$221,MATCH(Table7[[#This Row],[Defect العيب]],'QC Deviation Record Hall 1 '!$B$120:$B$221,0))} | N47: {=INDEX('QC Deviation Record Hall 1 '!$M$120:$M$221,MATCH(Table7[[#This Row],[Defect العيب]],'QC Deviation Record Hall 1 '!$B$120:$B$221,0))} | O47: {=INDEX('QC Deviation Record Hall 1 '!$N$120:$N$221,MATCH(Table7[[#This Row],[Defect العيب]],'QC Deviation Record Hall 1 '!$B$120:$B$221,0))} | Q47: {=INDEX('QC Deviation Record Hall 2'!$A$119:$A$220,MATCH(Table11[[#This Row],[Defect العيب]],'QC Deviation Record Hall 2'!$B$119:$B$220,0))} -> LK06 | R47: {=INDEX('QC Deviation Record Hall 2'!$B$119:$B$220,MATCH(LARGE('QC Deviation Record Hall 2'!$M$119:$M$220-ROW('QC Deviation Record Hall 2'!$M$119:$M$220)/10000000,ROW(A14)),'QC Deviation Record Hall 2'!$M$119:$M$220-ROW('QC Deviation Record Hall 2'!$M$119:$M$220)/10000000,0))} -> تسريب من اللحام بعد الفحص | T47: {=INDEX('QC Deviation Record Hall 2'!$C$119:$C$220,MATCH(Table11[[#This Row],[Defect العيب]],'QC Deviation Record Hall 2'!$B$119:$B$220,0))} | U47: {=INDEX('QC Deviation Record Hall 2'!$D$119:$D$220,MATCH(Table11[[#This Row],[Defect العيب]],'QC Deviation Record Hall 2'!$B$119:$B$220,0))} | V47: {=INDEX('QC Deviation Record Hall 2'!$E$119:$E$220,MATCH(Table11[[#This Row],[Defect العيب]],'QC Deviation Record Hall 2'!$B$119:$B$220,0))} | W47: {=INDEX('QC Deviation Record Hall 2'!$F$119:$F$220,MATCH(Table11[[#This Row],[Defect العيب]],'QC Deviation Record Hall 2'!$B$119:$B$220,0))} | X47: {=INDEX('QC Deviation Record Hall 2'!$G$119:$G$220,MATCH(Table11[[#This Row],[Defect العيب]],'QC Deviation Record Hall 2'!$B$119:$B$220,0))} | Y47: {=INDEX('QC Deviation Record Hall 2'!$H$119:$H$220,MATCH(Table11[[#This Row],[Defect العيب]],'QC Deviation Record Hall 2'!$B$119:$B$220,0))} | Z47: {=INDEX('QC Deviation Record Hall 2'!$I$119:$I$220,MATCH(Table11[[#This Row],[Defect العيب]],'QC Deviation Record Hall 2'!$B$119:$B$220,0))} | AA47: {=INDEX('QC Deviation Record Hall 2'!$J$119:$J$220,MATCH(Table11[[#This Row],[Defect العيب]],'QC Deviation Record Hall 2'!$B$119:$B$220,0))} | AB47: {=INDEX('QC Deviation Record Hall 2'!$K$119:$K$220,MATCH(Table11[[#This Row],[Defect العيب]],'QC Deviation Record Hall 2'!$B$119:$B$220,0))} | AC47: {=INDEX('QC Deviation Record Hall 2'!$L$119:$L$220,MATCH(Table11[[#This Row],[Defect العيب]],'QC Deviation Record Hall 2'!$B$119:$B$220,0))} | AF47: {=INDEX('QC Deviation Record Hall 3'!$A$119:$A$220,MATCH(Table111[[#This Row],[Defect العيب]],'QC Deviation Record Hall 3'!$B$119:$B$220,0))} -> LK06 | AG47: {=INDEX('QC Deviation Record Hall 3'!$B$119:$B$220,MATCH(LARGE('QC Deviation Record Hall 3'!$M$119:$M$220-ROW('QC Deviation Record Hall 3'!$M$119:$M$220)/10000000,ROW(A14)),'QC Deviation Record Hall 3'!$M$119:$M$220-ROW('QC Deviation Record Hall 3'!$M$119:$M$220)/10000000,0))} -> تسريب من اللحام بعد الفحص | AI47: {=INDEX('QC Deviation Record Hall 3'!$C$119:$C$220,MATCH(Table111[[#This Row],[Defect العيب]],'QC Deviation Record Hall 3'!$B$119:$B$220,0))} | AJ47: {=INDEX('QC Deviation Record Hall 3'!$D$119:$D$220,MATCH(Table111[[#This Row],[Defect العيب]],'QC Deviation Record Hall 3'!$B$119:$B$220,0))} | AK47: {=INDEX('QC Deviation Record Hall 3'!$E$119:$E$220,MATCH(Table111[[#This Row],[Defect العيب]],'QC Deviation Record Hall 3'!$B$119:$B$220,0))} | AL47: {=INDEX('QC Deviation Record Hall 3'!$F$119:$F$220,MATCH(Table111[[#This Row],[Defect العيب]],'QC Deviation Record Hall 3'!$B$119:$B$220,0))} | AM47: {=INDEX('QC Deviation Record Hall 3'!$G$119:$G$220,MATCH(Table111[[#This Row],[Defect العيب]],'QC Deviation Record Hall 3'!$B$119:$B$220,0))} | AN47: {=INDEX('QC Deviation Record Hall 3'!$H$119:$H$220,MATCH(Table111[[#This Row],[Defect العيب]],'QC Deviation Record Hall 3'!$B$119:$B$220,0))} | AO47: {=INDEX('QC Deviation Record Hall 3'!$I$119:$I$220,MATCH(Table111[[#This Row],[Defect العيب]],'QC Deviation Record Hall 3'!$B$119:$B$220,0))} | AP47: {=INDEX('QC Deviation Record Hall 3'!$J$119:$J$220,MATCH(Table111[[#This Row],[Defect العيب]],'QC Deviation Record Hall 3'!$B$119:$B$220,0))} | AQ47: {=INDEX('QC Deviation Record Hall 3'!$K$119:$K$220,MATCH(Table111[[#This Row],[Defect العيب]],'QC Deviation Record Hall 3'!$B$119:$B$220,0))} | AR47: {=INDEX('QC Deviation Record Hall 3'!$L$119:$L$220,MATCH(Table111[[#This Row],[Defect العيب]],'QC Deviation Record Hall 3'!$B$119:$B$220,0))}
A48: {=INDEX('QC Deviation Record Hall 1 '!$A$120:$A$221,MATCH(Table7[[#This Row],[Defect العيب]],'QC Deviation Record Hall 1 '!$B$120:$B$221,0))} -> #N/A | B48: {=INDEX('QC Deviation Record Hall 1 '!$B$120:$B$221,MATCH(LARGE('QC Deviation Record Hall 1 '!$O$120:$O$221-ROW('QC Deviation Record Hall 1 '!$O$120:$O$221)/10000000,ROW(A15)),'QC Deviation Record Hall 1 '!$O$120:$O$221-ROW('QC Deviation Record Hall 1 '!$O$120:$O$221)/10000000,0))} -> 0 | D48: {=INDEX('QC Deviation Record Hall 1 '!$C$120:$C$221,MATCH(Table7[[#This Row],[Defect العيب]],'QC Deviation Record Hall 1 '!$B$120:$B$221,0))} -> #N/A | E48: {=INDEX('QC Deviation Record Hall 1 '!$D$120:$D$221,MATCH(Table7[[#This Row],[Defect العيب]],'QC Deviation Record Hall 1 '!$B$120:$B$221,0))} -> #N/A | F48: {=INDEX('QC Deviation Record Hall 1 '!$E$120:$E$221,MATCH(Table7[[#This Row],[Defect العيب]],'QC Deviation Record Hall 1 '!$B$120:$B$221,0))} -> #N/A | G48: {=INDEX('QC Deviation Record Hall 1 '!$F$120:$F$221,MATCH(Table7[[#This Row],[Defect العيب]],'QC Deviation Record Hall 1 '!$B$120:$B$221,0))} -> #N/A | H48: {=INDEX('QC Deviation Record Hall 1 '!$G$120:$G$221,MATCH(Table7[[#This Row],[Defect العيب]],'QC Deviation Record Hall 1 '!$B$120:$B$221,0))} -> #N/A | I48: {=INDEX('QC Deviation Record Hall 1 '!$H$120:$H$221,MATCH(Table7[[#This Row],[Defect العيب]],'QC Deviation Record Hall 1 '!$B$120:$B$221,0))} -> #N/A | J48: {=INDEX('QC Deviation Record Hall 1 '!$I$120:$I$221,MATCH(Table7[[#This Row],[Defect العيب]],'QC Deviation Record Hall 1 '!$B$120:$B$221,0))} -> #N/A | K48: {=INDEX('QC Deviation Record Hall 1 '!$J$120:$J$221,MATCH(Table7[[#This Row],[Defect العيب]],'QC Deviation Record Hall 1 '!$B$120:$B$221,0))} -> #N/A | L48: {=INDEX('QC Deviation Record Hall 1 '!$K$120:$K$221,MATCH(Table7[[#This Row],[Defect العيب]],'QC Deviation Record Hall 1 '!$B$120:$B$221,0))} -> #N/A | M48: {=INDEX('QC Deviation Record Hall 1 '!$L$120:$L$221,MATCH(Table7[[#This Row],[Defect العيب]],'QC Deviation Record Hall 1 '!$B$120:$B$221,0))} -> #N/A | N48: {=INDEX('QC Deviation Record Hall 1 '!$M$120:$M$221,MATCH(Table7[[#This Row],[Defect العيب]],'QC Deviation Record Hall 1 '!$B$120:$B$221,0))} -> #N/A | O48: {=INDEX('QC Deviation Record Hall 1 '!$N$120:$N$221,MATCH(Table7[[#This Row],[Defect العيب]],'QC Deviation Record Hall 1 '!$B$120:$B$221,0))} -> #N/A | Q48: {=INDEX('QC Deviation Record Hall 2'!$A$119:$A$220,MATCH(Table11[[#This Row],[Defect العيب]],'QC Deviation Record Hall 2'!$B$119:$B$220,0))} -> #N/A | R48: {=INDEX('QC Deviation Record Hall 2'!$B$119:$B$220,MATCH(LARGE('QC Deviation Record Hall 2'!$M$119:$M$220-ROW('QC Deviation Record Hall 2'!$M$119:$M$220)/10000000,ROW(A15)),'QC Deviation Record Hall 2'!$M$119:$M$220-ROW('QC Deviation Record Hall 2'!$M$119:$M$220)/10000000,0))} -> 0 | T48: {=INDEX('QC Deviation Record Hall 2'!$C$119:$C$220,MATCH(Table11[[#This Row],[Defect العيب]],'QC Deviation Record Hall 2'!$B$119:$B$220,0))} -> #N/A | U48: {=INDEX('QC Deviation Record Hall 2'!$D$119:$D$220,MATCH(Table11[[#This Row],[Defect العيب]],'QC Deviation Record Hall 2'!$B$119:$B$220,0))} -> #N/A | V48: {=INDEX('QC Deviation Record Hall 2'!$E$119:$E$220,MATCH(Table11[[#This Row],[Defect العيب]],'QC Deviation Record Hall 2'!$B$119:$B$220,0))} -> #N/A | W48: {=INDEX('QC Deviation Record Hall 2'!$F$119:$F$220,MATCH(Table11[[#This Row],[Defect العيب]],'QC Deviation Record Hall 2'!$B$119:$B$220,0))} -> #N/A | X48: {=INDEX('QC Deviation Record Hall 2'!$G$119:$G$220,MATCH(Table11[[#This Row],[Defect العيب]],'QC Deviation Record Hall 2'!$B$119:$B$220,0))} -> #N/A | Y48: {=INDEX('QC Deviation Record Hall 2'!$H$119:$H$220,MATCH(Table11[[#This Row],[Defect العيب]],'QC Deviation Record Hall 2'!$B$119:$B$220,0))} -> #N/A | Z48: {=INDEX('QC Deviation Record Hall 2'!$I$119:$I$220,MATCH(Table11[[#This Row],[Defect العيب]],'QC Deviation Record Hall 2'!$B$119:$B$220,0))} -> #N/A | AA48: {=INDEX('QC Deviation Record Hall 2'!$J$119:$J$220,MATCH(Table11[[#This Row],[Defect العيب]],'QC Deviation Record Hall 2'!$B$119:$B$220,0))} -> #N/A | AB48: {=INDEX('QC Deviation Record Hall 2'!$K$119:$K$220,MATCH(Table11[[#This Row],[Defect العيب]],'QC Deviation Record Hall 2'!$B$119:$B$220,0))} -> #N/A | AC48: {=INDEX('QC Deviation Record Hall 2'!$L$119:$L$220,MATCH(Table11[[#This Row],[Defect العيب]],'QC Deviation Record Hall 2'!$B$119:$B$220,0))} -> #N/A | AF48: {=INDEX('QC Deviation Record Hall 3'!$A$119:$A$220,MATCH(Table111[[#This Row],[Defect العيب]],'QC Deviation Record Hall 3'!$B$119:$B$220,0))} -> #N/A | AG48: {=INDEX('QC Deviation Record Hall 3'!$B$119:$B$220,MATCH(LARGE('QC Deviation Record Hall 3'!$M$119:$M$220-ROW('QC Deviation Record Hall 3'!$M$119:$M$220)/10000000,ROW(A15)),'QC Deviation Record Hall 3'!$M$119:$M$220-ROW('QC Deviation Record Hall 3'!$M$119:$M$220)/10000000,0))} -> 0 | AI48: {=INDEX('QC Deviation Record Hall 3'!$C$119:$C$220,MATCH(Table111[[#This Row],[Defect العيب]],'QC Deviation Record Hall 3'!$B$119:$B$220,0))} -> #N/A | AJ48: {=INDEX('QC Deviation Record Hall 3'!$D$119:$D$220,MATCH(Table111[[#This Row],[Defect العيب]],'QC Deviation Record Hall 3'!$B$119:$B$220,0))} -> #N/A | AK48: {=INDEX('QC Deviation Record Hall 3'!$E$119:$E$220,MATCH(Table111[[#This Row],[Defect العيب]],'QC Deviation Record Hall 3'!$B$119:$B$220,0))} -> #N/A | AL48: {=INDEX('QC Deviation Record Hall 3'!$F$119:$F$220,MATCH(Table111[[#This Row],[Defect العيب]],'QC Deviation Record Hall 3'!$B$119:$B$220,0))} -> #N/A | AM48: {=INDEX('QC Deviation Record Hall 3'!$G$119:$G$220,MATCH(Table111[[#This Row],[Defect العيب]],'QC Deviation Record Hall 3'!$B$119:$B$220,0))} -> #N/A | AN48: {=INDEX('QC Deviation Record Hall 3'!$H$119:$H$220,MATCH(Table111[[#This Row],[Defect العيب]],'QC Deviation Record Hall 3'!$B$119:$B$220,0))} -> #N/A | AO48: {=INDEX('QC Deviation Record Hall 3'!$I$119:$I$220,MATCH(Table111[[#This Row],[Defect العيب]],'QC Deviation Record Hall 3'!$B$119:$B$220,0))} -> #N/A | AP48: {=INDEX('QC Deviation Record Hall 3'!$J$119:$J$220,MATCH(Table111[[#This Row],[Defect العيب]],'QC Deviation Record Hall 3'!$B$119:$B$220,0))} -> #N/A | AQ48: {=INDEX('QC Deviation Record Hall 3'!$K$119:$K$220,MATCH(Table111[[#This Row],[Defect العيب]],'QC Deviation Record Hall 3'!$B$119:$B$220,0))} -> #N/A | AR48: {=INDEX('QC Deviation Record Hall 3'!$L$119:$L$220,MATCH(Table111[[#This Row],[Defect العيب]],'QC Deviation Record Hall 3'!$B$119:$B$220,0))} -> #N/A
A50: معدل الإنحراف اليومى والمتوسط الأسبوعى لماكينات صالة 1 وصالة 2 وصالة 3
C52: M1-1 | D52: M2-1 | E52: M3-2 | F52: M4-2 | G52: M5-3 | H52: M6-3 | I52: M7-3 | J52: M8-4 | K52: M9-5 | L52: M10-6 | M52: M10-6 | N52: M18-13 | T52: M11-7 | U52: M12-7 | V52: M13-8 | W52: M13-8 | X52: M14-9 | Y52: M15-10 | Z52: M16-11 | AA52: M16-11 | AB52: M17-12 | AC52: M17-12 | AI52: M11-7 | AJ52: M12-7 | AK52: M13-8 | AL52: M13-8 | AM52: M14-9 | AN52: M15-10 | AO52: M16-11 | AP52: M16-11 | AQ52: M17-12 | AR52: M17-12
B53: السبت | C53: ='QC Deviation Record Hall 1 '!C112 | D53: ='QC Deviation Record Hall 1 '!K112 | E53: ='QC Deviation Record Hall 1 '!S112 | F53: ='QC Deviation Record Hall 1 '!AA112 | G53: ='QC Deviation Record Hall 1 '!AI112 | H53: ='QC Deviation Record Hall 1 '!AQ112 | I53: ='QC Deviation Record Hall 1 '!AY112 | J53: ='QC Deviation Record Hall 1 '!BG112 | K53: ='QC Deviation Record Hall 1 '!BO112 | L53: ='QC Deviation Record Hall 1 '!BW112 | M53: ='QC Deviation Record Hall 1 '!CE112 | N53: ='QC Deviation Record Hall 1 '!CM112 | S53: السبت | T53: ='QC Deviation Record Hall 2'!C111 | U53: ='QC Deviation Record Hall 2'!K111 | V53: ='QC Deviation Record Hall 2'!S111 | W53: ='QC Deviation Record Hall 2'!AA111 | X53: ='QC Deviation Record Hall 2'!AI111 | Y53: ='QC Deviation Record Hall 2'!AQ111 | Z53: ='QC Deviation Record Hall 2'!AY111 | AA53: ='QC Deviation Record Hall 2'!BG111 | AB53: ='QC Deviation Record Hall 2'!BO111 | AC53: ='QC Deviation Record Hall 2'!BW111 | AH53: السبت | AI53: ='QC Deviation Record Hall 3'!C111 | AJ53: ='QC Deviation Record Hall 3'!K111 | AK53: ='QC Deviation Record Hall 3'!S111 | AL53: ='QC Deviation Record Hall 3'!AA111 | AM53: ='QC Deviation Record Hall 3'!AI111 | AN53: ='QC Deviation Record Hall 3'!AQ111 | AO53: ='QC Deviation Record Hall 3'!AY111 | AP53: ='QC Deviation Record Hall 3'!BG111 | AQ53: ='QC Deviation Record Hall 3'!BO111 | AR53: ='QC Deviation Record Hall 3'!BW111
B54: الأحد | C54: ='QC Deviation Record Hall 1 '!D112 | D54: ='QC Deviation Record Hall 1 '!L112 | E54: ='QC Deviation Record Hall 1 '!T112 | F54: ='QC Deviation Record Hall 1 '!AB112 | G54: ='QC Deviation Record Hall 1 '!AJ112 | H54: ='QC Deviation Record Hall 1 '!AR112 | I54: ='QC Deviation Record Hall 1 '!AZ112 | J54: ='QC Deviation Record Hall 1 '!BH112 | K54: ='QC Deviation Record Hall 1 '!BP112 | L54: ='QC Deviation Record Hall 1 '!BX112 | M54: ='QC Deviation Record Hall 1 '!CF112 | N54: ='QC Deviation Record Hall 1 '!CN112 | S54: الأحد | T54: ='QC Deviation Record Hall 2'!D111 | U54: ='QC Deviation Record Hall 2'!L111 | V54: ='QC Deviation Record Hall 2'!T111 | W54: ='QC Deviation Record Hall 2'!AB111 | X54: ='QC Deviation Record Hall 2'!AJ111 | Y54: ='QC Deviation Record Hall 2'!AR111 | Z54: ='QC Deviation Record Hall 2'!AZ111 | AA54: ='QC Deviation Record Hall 2'!BH111 | AB54: ='QC Deviation Record Hall 2'!BP111 | AC54: ='QC Deviation Record Hall 2'!BX111 | AH54: الأحد | AI54: ='QC Deviation Record Hall 3'!D111 | AJ54: ='QC Deviation Record Hall 3'!L111 | AK54: ='QC Deviation Record Hall 3'!T111 | AL54: ='QC Deviation Record Hall 3'!AB111 | AM54: ='QC Deviation Record Hall 3'!AJ111 | AN54: ='QC Deviation Record Hall 3'!AR111 | AO54: ='QC Deviation Record Hall 3'!AZ111 | AP54: ='QC Deviation Record Hall 3'!BH111 | AQ54: ='QC Deviation Record Hall 3'!BP111 | AR54: ='QC Deviation Record Hall 3'!BX111
B55: الإثنين | C55: ='QC Deviation Record Hall 1 '!E112 | D55: ='QC Deviation Record Hall 1 '!M112 | E55: ='QC Deviation Record Hall 1 '!U112 | F55: ='QC Deviation Record Hall 1 '!AC112 | G55: ='QC Deviation Record Hall 1 '!AK112 | H55: ='QC Deviation Record Hall 1 '!AS112 | I55: ='QC Deviation Record Hall 1 '!BA112 | J55: ='QC Deviation Record Hall 1 '!BI112 | K55: ='QC Deviation Record Hall 1 '!BQ112 | L55: ='QC Deviation Record Hall 1 '!BY112 | M55: ='QC Deviation Record Hall 1 '!CG112 | N55: ='QC Deviation Record Hall 1 '!CO112 | S55: الإثنين | T55: ='QC Deviation Record Hall 2'!E111 | U55: ='QC Deviation Record Hall 2'!M111 | V55: ='QC Deviation Record Hall 2'!U111 | W55: ='QC Deviation Record Hall 2'!AC111 | X55: ='QC Deviation Record Hall 2'!AK111 | Y55: ='QC Deviation Record Hall 2'!AS111 | Z55: ='QC Deviation Record Hall 2'!BA111 | AA55: ='QC Deviation Record Hall 2'!BI111 | AB55: ='QC Deviation Record Hall 2'!BQ111 | AC55: ='QC Deviation Record Hall 2'!BY111 | AH55: الإثنين | AI55: ='QC Deviation Record Hall 3'!E111 | AJ55: ='QC Deviation Record Hall 3'!M111 | AK55: ='QC Deviation Record Hall 3'!U111 | AL55: ='QC Deviation Record Hall 3'!AC111 | AM55: ='QC Deviation Record Hall 3'!AK111 | AN55: ='QC Deviation Record Hall 3'!AS111 | AO55: ='QC Deviation Record Hall 3'!BA111 | AP55: ='QC Deviation Record Hall 3'!BI111 | AQ55: ='QC Deviation Record Hall 3'!BQ111 | AR55: ='QC Deviation Record Hall 3'!BY111
B56: الثلاثاء | C56: ='QC Deviation Record Hall 1 '!F112 | D56: ='QC Deviation Record Hall 1 '!N112 | E56: ='QC Deviation Record Hall 1 '!V112 | F56: ='QC Deviation Record Hall 1 '!AD112 | G56: ='QC Deviation Record Hall 1 '!AL112 | H56: ='QC Deviation Record Hall 1 '!AT112 | I56: ='QC Deviation Record Hall 1 '!BB112 | J56: ='QC Deviation Record Hall 1 '!BJ112 | K56: ='QC Deviation Record Hall 1 '!BR112 | L56: ='QC Deviation Record Hall 1 '!BZ112 | M56: ='QC Deviation Record Hall 1 '!CH112 | N56: ='QC Deviation Record Hall 1 '!CP112 | S56: الثلاثاء | T56: ='QC Deviation Record Hall 2'!F111 | U56: ='QC Deviation Record Hall 2'!N111 | V56: ='QC Deviation Record Hall 2'!V111 | W56: ='QC Deviation Record Hall 2'!AD111 | X56: ='QC Deviation Record Hall 2'!AL111 | Y56: ='QC Deviation Record Hall 2'!AT111 | Z56: ='QC Deviation Record Hall 2'!BB111 | AA56: ='QC Deviation Record Hall 2'!BJ111 | AB56: ='QC Deviation Record Hall 2'!BR111 | AC56: ='QC Deviation Record Hall 2'!BZ111 | AH56: الثلاثاء | AI56: ='QC Deviation Record Hall 3'!F111 | AJ56: ='QC Deviation Record Hall 3'!N111 | AK56: ='QC Deviation Record Hall 3'!V111 | AL56: ='QC Deviation Record Hall 3'!AD111 | AM56: ='QC Deviation Record Hall 3'!AL111 | AN56: ='QC Deviation Record Hall 3'!AT111 | AO56: ='QC Deviation Record Hall 3'!BB111 | AP56: ='QC Deviation Record Hall 3'!BJ111 | AQ56: ='QC Deviation Record Hall 3'!BR111 | AR56: ='QC Deviation Record Hall 3'!BZ111
B57: الأربعاء | C57: ='QC Deviation Record Hall 1 '!G112 | D57: ='QC Deviation Record Hall 1 '!O112 | E57: ='QC Deviation Record Hall 1 '!W112 | F57: ='QC Deviation Record Hall 1 '!AE112 | G57: ='QC Deviation Record Hall 1 '!AM112 | H57: ='QC Deviation Record Hall 1 '!AU112 | I57: ='QC Deviation Record Hall 1 '!BC112 | J57: ='QC Deviation Record Hall 1 '!BK112 | K57: ='QC Deviation Record Hall 1 '!BS112 | L57: ='QC Deviation Record Hall 1 '!CA112 | M57: ='QC Deviation Record Hall 1 '!CI112 | N57: ='QC Deviation Record Hall 1 '!CQ112 | S57: الأربعاء | T57: ='QC Deviation Record Hall 2'!G111 | U57: ='QC Deviation Record Hall 2'!O111 | V57: ='QC Deviation Record Hall 2'!W111 | W57: ='QC Deviation Record Hall 2'!AE111 | X57: ='QC Deviation Record Hall 2'!AM111 | Y57: ='QC Deviation Record Hall 2'!AU111 | Z57: ='QC Deviation Record Hall 2'!BC111 | AA57: ='QC Deviation Record Hall 2'!BK111 | AB57: ='QC Deviation Record Hall 2'!BS111 | AC57: ='QC Deviation Record Hall 2'!CA111 | AH57: الأربعاء | AI57: ='QC Deviation Record Hall 3'!G111 | AJ57: ='QC Deviation Record Hall 3'!O111 | AK57: ='QC Deviation Record Hall 3'!W111 | AL57: ='QC Deviation Record Hall 3'!AE111 | AM57: ='QC Deviation Record Hall 3'!AM111 | AN57: ='QC Deviation Record Hall 3'!AU111 | AO57: ='QC Deviation Record Hall 3'!BC111 | AP57: ='QC Deviation Record Hall 3'!BK111 | AQ57: ='QC Deviation Record Hall 3'!BS111 | AR57: ='QC Deviation Record Hall 3'!CA111
B58: الخميس | C58: ='QC Deviation Record Hall 1 '!H112 | D58: ='QC Deviation Record Hall 1 '!P112 | E58: ='QC Deviation Record Hall 1 '!X112 | F58: ='QC Deviation Record Hall 1 '!AF112 | G58: ='QC Deviation Record Hall 1 '!AN112 | H58: ='QC Deviation Record Hall 1 '!AV112 | I58: ='QC Deviation Record Hall 1 '!BD112 | J58: ='QC Deviation Record Hall 1 '!BL112 | K58: ='QC Deviation Record Hall 1 '!BT112 | L58: ='QC Deviation Record Hall 1 '!CB112 | M58: ='QC Deviation Record Hall 1 '!CJ112 | N58: ='QC Deviation Record Hall 1 '!CR112 | S58: الخميس | T58: ='QC Deviation Record Hall 2'!H111 | U58: ='QC Deviation Record Hall 2'!P111 | V58: ='QC Deviation Record Hall 2'!X111 | W58: ='QC Deviation Record Hall 2'!AF111 | X58: ='QC Deviation Record Hall 2'!AN111 | Y58: ='QC Deviation Record Hall 2'!AV111 | Z58: ='QC Deviation Record Hall 2'!BD111 | AA58: ='QC Deviation Record Hall 2'!BL111 | AB58: ='QC Deviation Record Hall 2'!BT111 | AC58: ='QC Deviation Record Hall 2'!CB111 | AH58: الخميس | AI58: ='QC Deviation Record Hall 3'!H111 | AJ58: ='QC Deviation Record Hall 3'!P111 | AK58: ='QC Deviation Record Hall 3'!X111 | AL58: ='QC Deviation Record Hall 3'!AF111 | AM58: ='QC Deviation Record Hall 3'!AN111 | AN58: ='QC Deviation Record Hall 3'!AV111 | AO58: ='QC Deviation Record Hall 3'!BD111 | AP58: ='QC Deviation Record Hall 3'!BL111 | AQ58: ='QC Deviation Record Hall 3'!BT111 | AR58: ='QC Deviation Record Hall 3'!CB111
B59: الجمعة | C59: ='QC Deviation Record Hall 1 '!I112 | D59: ='QC Deviation Record Hall 1 '!Q112 | E59: ='QC Deviation Record Hall 1 '!Y112 | F59: ='QC Deviation Record Hall 1 '!AG112 | G59: ='QC Deviation Record Hall 1 '!AO112 | H59: ='QC Deviation Record Hall 1 '!AW112 | I59: ='QC Deviation Record Hall 1 '!BE112 | J59: ='QC Deviation Record Hall 1 '!BM112 | K59: ='QC Deviation Record Hall 1 '!BU112 | L59: ='QC Deviation Record Hall 1 '!CC112 | M59: ='QC Deviation Record Hall 1 '!CK112 | N59: ='QC Deviation Record Hall 1 '!CS112 | S59: الجمعة | T59: ='QC Deviation Record Hall 2'!I111 | U59: ='QC Deviation Record Hall 2'!Q111 | V59: ='QC Deviation Record Hall 2'!Y111 | W59: ='QC Deviation Record Hall 2'!AG111 | X59: ='QC Deviation Record Hall 2'!AO111 | Y59: ='QC Deviation Record Hall 2'!AW111 | Z59: ='QC Deviation Record Hall 2'!BE111 | AA59: ='QC Deviation Record Hall 2'!BM111 | AB59: ='QC Deviation Record Hall 2'!BU111 | AC59: ='QC Deviation Record Hall 2'!CC111 | AH59: الجمعة | AI59: ='QC Deviation Record Hall 3'!I111 | AJ59: ='QC Deviation Record Hall 3'!Q111 | AK59: ='QC Deviation Record Hall 3'!Y111 | AL59: ='QC Deviation Record Hall 3'!AG111 | AM59: ='QC Deviation Record Hall 3'!AO111 | AN59: ='QC Deviation Record Hall 3'!AW111 | AO59: ='QC Deviation Record Hall 3'!BE111 | AP59: ='QC Deviation Record Hall 3'!BM111 | AQ59: ='QC Deviation Record Hall 3'!BU111 | AR59: ='QC Deviation Record Hall 3'!CC111
B60: sum | C60: ='QC Deviation Record Hall 1 '!J113 | D60: ='QC Deviation Record Hall 1 '!R113 | E60: ='QC Deviation Record Hall 1 '!Z113 | F60: ='QC Deviation Record Hall 1 '!AH113 | G60: ='QC Deviation Record Hall 1 '!AP113 | H60: ='QC Deviation Record Hall 1 '!AX113 | I60: ='QC Deviation Record Hall 1 '!BF113 | J60: ='QC Deviation Record Hall 1 '!BN113 | K60: ='QC Deviation Record Hall 1 '!BV113 | L60: ='QC Deviation Record Hall 1 '!CD113 | M60: ='QC Deviation Record Hall 1 '!CL113 | N60: ='QC Deviation Record Hall 1 '!CT113 | S60: sum | T60: ='QC Deviation Record Hall 2'!J112 | U60: ='QC Deviation Record Hall 2'!R112 | V60: ='QC Deviation Record Hall 2'!Z112 | W60: ='QC Deviation Record Hall 2'!AH112 | X60: ='QC Deviation Record Hall 2'!AP112 | Y60: ='QC Deviation Record Hall 2'!AX112 | Z60: ='QC Deviation Record Hall 2'!BF112 | AA60: ='QC Deviation Record Hall 2'!BN112 | AB60: ='QC Deviation Record Hall 2'!BV112 | AC60: ='QC Deviation Record Hall 2'!CD112 | AH60: sum | AI60: ='QC Deviation Record Hall 3'!J112 | AJ60: ='QC Deviation Record Hall 3'!R112 | AK60: ='QC Deviation Record Hall 3'!Z112 | AL60: ='QC Deviation Record Hall 3'!AH112 | AM60: ='QC Deviation Record Hall 3'!AP112 | AN60: ='QC Deviation Record Hall 3'!AX112 | AO60: ='QC Deviation Record Hall 3'!BF112 | AP60: ='QC Deviation Record Hall 3'!BN112 | AQ60: ='QC Deviation Record Hall 3'!BV112 | AR60: ='QC Deviation Record Hall 3'!CD112
B61: Average | C61: ='QC Deviation Record Hall 1 '!C113 | D61: ='QC Deviation Record Hall 1 '!K113 | E61: ='QC Deviation Record Hall 1 '!S113 | F61: ='QC Deviation Record Hall 1 '!AA113 | G61: ='QC Deviation Record Hall 1 '!AI113 | H61: ='QC Deviation Record Hall 1 '!AQ113 | I61: ='QC Deviation Record Hall 1 '!AY113 | J61: ='QC Deviation Record Hall 1 '!BG113 | K61: ='QC Deviation Record Hall 1 '!BO113 | L61: ='QC Deviation Record Hall 1 '!BW113 | M61: ='QC Deviation Record Hall 1 '!CE113 | N61: ='QC Deviation Record Hall 1 '!CM113 | S61: Average | T61: ='QC Deviation Record Hall 2'!C112 | U61: ='QC Deviation Record Hall 2'!K112 | V61: ='QC Deviation Record Hall 2'!S112 | W61: ='QC Deviation Record Hall 2'!AA112 | X61: ='QC Deviation Record Hall 2'!AI112 | Y61: ='QC Deviation Record Hall 2'!AQ112 | Z61: ='QC Deviation Record Hall 2'!AY112 | AA61: ='QC Deviation Record Hall 2'!BG112 | AB61: ='QC Deviation Record Hall 2'!BO112 | AC61: ='QC Deviation Record Hall 2'!BW112 | AH61: Average | AI61: ='QC Deviation Record Hall 3'!C112 | AJ61: ='QC Deviation Record Hall 3'!K112 | AK61: ='QC Deviation Record Hall 3'!S112 | AL61: ='QC Deviation Record Hall 3'!AA112 | AM61: ='QC Deviation Record Hall 3'!AI112 | AN61: ='QC Deviation Record Hall 3'!AQ112 | AO61: ='QC Deviation Record Hall 3'!AY112 | AP61: ='QC Deviation Record Hall 3'!BG112 | AQ61: ='QC Deviation Record Hall 3'!BO112 | AR61: ='QC Deviation Record Hall 3'!BW112
A103: أكواد العيوب | F103: كفاءة ماكينات صالة 1 وصالة 2 وصالة 3 (بالإعتماد على نسبة المنتج السليم)
F105: Machine | G105: M1-1 | H105: M2-1 | I105: M3-2 | J105: M4-2 | K105: M5-3 | L105: M6-3 | M105: M7-3 | N105: M8-4 | O105: M9-5 | P105: M10-6 | Q105: M10-6 | R105: M18-13 | T105: Machine | U105: M11-7 | V105: M12-7 | W105: M13-8 | X105: M13-8 | Y105: M14-9 | Z105: M15-10 | AA105: M16-11 | AB105: M16-11 | AC105: M17-12 | AD105: M17-12 | AF105: M10-6 | AG105: M18-13 | AI105: Machine | AJ105: M11-7 | AK105: M12-7 | AL105: M13-8 | AM105: M13-8 | AN105: M14-9 | AO105: M15-10 | AP105: M16-11 | AQ105: M16-11 | AR105: M17-12 | AS105: M17-12
A106: الكود | B106: الفئة | C106: Tolerance | D106: Demerit | F106: Efficiency Rate % | G106: ='QC Deviation Record Hall 1 '!C114 | H106: ='QC Deviation Record Hall 1 '!K114 | I106: ='QC Deviation Record Hall 1 '!S114 | J106: ='QC Deviation Record Hall 1 '!AA114 | K106: ='QC Deviation Record Hall 1 '!AI114 | L106: ='QC Deviation Record Hall 1 '!AQ114 | M106: ='QC Deviation Record Hall 1 '!AY114 | N106: ='QC Deviation Record Hall 1 '!BG114 | O106: ='QC Deviation Record Hall 1 '!BO114 | P106: ='QC Deviation Record Hall 1 '!BW114 | Q106: ='QC Deviation Record Hall 1 '!CE114 | R106: ='QC Deviation Record Hall 1 '!CM114 | T106: Efficiency Rate % | U106: ='QC Deviation Record Hall 2'!C113 | V106: ='QC Deviation Record Hall 2'!K113 | W106: ='QC Deviation Record Hall 2'!S113 | X106: ='QC Deviation Record Hall 2'!AA113 | Y106: ='QC Deviation Record Hall 2'!AI113 | Z106: ='QC Deviation Record Hall 2'!AQ113 | AA106: ='QC Deviation Record Hall 2'!AY113 | AB106: ='QC Deviation Record Hall 2'!BG113 | AC106: ='QC Deviation Record Hall 2'!BO113 | AD106: ='QC Deviation Record Hall 2'!BW113 | AF106: ='QC Deviation Record Hall 1 '!CE114 | AG106: ='QC Deviation Record Hall 1 '!CM114 | AI106: Efficiency Rate % | AJ106: ='QC Deviation Record Hall 3'!C113 | AK106: ='QC Deviation Record Hall 3'!K113 | AL106: ='QC Deviation Record Hall 3'!S113 | AM106: ='QC Deviation Record Hall 3'!AA113 | AN106: ='QC Deviation Record Hall 3'!AI113 | AO106: ='QC Deviation Record Hall 3'!AQ113 | AP106: ='QC Deviation Record Hall 3'!AY113 | AQ106: ='QC Deviation Record Hall 3'!BG113 | AR106: ='QC Deviation Record Hall 3'!BO113 | AS106: ='QC Deviation Record Hall 3'!BW113
A107: إضافات
A108: AD01 | B108: تكتل الإضافات في جزء واحد | D108: 15
A109: AD02 | B109: إضافات رطبة/مكسورة زيادة | D109: 40
A110: AD03 | B110: نوع إضافات غير مطابق للوصفة | D110: 50
A111: AD04 | B111: عدم وجود إضافة / إنسداد فى كل العيون | D111: 10
A112: AD05 | B112: عدم وجود إضافة / إنسداد فى بعض العيون | D112: 10
A113: خطر كيميائى
A114: CHEM01 | B114: خطر كيميائى | D114: 50
A115: تسريب
A116: LK01 | B116: تسريب من جسم الكوب/العبوة | D116: 5
A117: LK02 | B117: تسريب من منطقة الغطاء | D117: 5
A118: LK03 | B118: تسريب بعد التجميد | D118: 5
A119: LK04 | B119: تسريب أثناء النقل الداخلي | D119: 5
A120: LK05 | B120: تسريب بسبب تشقق العبوة | D120: 5
A121: LK06 | B121: تسريب من اللحام بعد الفحص | D121: 10
A122: خطر ميكروبى
A123: MIC01 | B123: حدوث تلوث ميكروبى | D123: 50
A124: خطر فيزيائى
A125: PH01 | B125: تلوث/شوائب في الإضافات | D125: 45
A126: PH02 | B126: جسم غريب (بلاستيك/معدن) | D126: 45
A127: PH03 | B127: شعر/ألياف | D127: 45
A128: PH04 | B128: أتربة/رمل | D128: 45
A129: PH05 | B129: تلوث المنتج بمواد خام | D129: 45
A130: PH06 | B130: تلوث المنتج بآفات حشرية ومواد سامة | D130: 50
A131: PH07 | B131: حدوث تلوث خلطى | D131: 45
A132: PH08 | B132: اكسسورات | D132: 45
A133: PH09 | B133: بقايا ورق/كرتون | D133: 45
A134: تعبئة وتغليف
A135: PK01 | B135: اعوجاج/تشوه الكوب | D135: 15
A136: PK02 | B136: كوب مكسور/مشقوق | D136: 15
A137: PK03 | B137: اتساخ الكوب من الداخل قبل التعبئة | D137: 45
A138: PK04 | B138: تجعد/تمزق في ورق التغليف | D138: 10
A139: PK05 | B139: زيادة عدد الكراتين | D139: 30
A140: PK06 | B140: نقص عدد الكراتين | D140: 40
A141: PK07 | B141: تجميع كراتين غير محكم | D141: 15
A142: PK08 | B142: عدم إحكام غلق الغطاء | D142: 25
A143: PK09 | B143: غطاء مكسور/مشقوق | D143: 20
A144: PK10 | B144: عدم وجود غطاء | D144: 30 | F144: معدل العيوب الموجهه لكل إدارة
A145: PK11 | B145: غطاء غير مطابق للمقاس | D145: 25
A146: PK12 | B146: تراكب/ميل في الغطاء | D146: 10 | H146: M352025@
A147: PK13 | B147: مضارب الأغطية (خبطات/خدوش) | D147: 20
...

Sheet QC Record Production Hall 1
A1: ماكينة كونو 1( M1-1 ) | O1: ماكينة كونو2 ( M2-1 ) | AC1: ماكينة كونو3 ( M3-2 ) | AQ1: ماكينة كونو4 ( M4-2 )
A2: اسم المنتج | B2: الباتشة | C2: اليوم | D2: التاريخ | E2: الوردية | F2: وزن البسكوت | G2: وزن شوكلاتة السفلية | H2: وزن الآيس | I2: وزن الصوص | J2: وزن المكسرات | K2: الحد الأدنى | L2: الوزن الفعلى | M2: الحد الأعلى | O2: اسم المنتج | P2: الباتشة | Q2: اليوم | R2: التاريخ | S2: الوردية | T2: وزن البسكوت | U2: وزن شوكلاتة السفلية | V2: وزن الآيس | W2: وزن الصوص | X2: وزن المكسرات | Y2: الحد الأدنى | Z2: الوزن الفعلى | AA2: الحد الأعلى | AC2: اسم المنتج | AD2: الباتشة | AE2: اليوم | AF2: التاريخ | AG2: الوردية | AH2: وزن البسكوت | AI2: وزن شوكلاتة السفلية | AJ2: وزن الآيس | AK2: وزن الصوص | AL2: وزن المكسرات | AM2: الحد الأدنى | AN2: الوزن الفعلى | AO2: الحد الأعلى | AQ2: اسم المنتج | AR2: الباتشة | AS2: اليوم | AT2: التاريخ | AU2: الوردية | AV2: وزن البسكوت | AW2: وزن شوكلاتة السفلية | AX2: وزن الآيس | AY2: وزن الصوص | AZ2: وزن المكسرات | BA2: الحد الأدنى | BB2: الوزن الفعلى | BC2: الحد الأعلى
C3: الجمعة | E3: I | Q3: الجمعة | S3: I | AE3: الجمعة | AG3: I | AS3: الجمعة | AU3: I
E4: II | S4: II | AG4: II | AU4: II
C6: السبت | E6: I | Q6: السبت | S6: I | AE6: السبت | AG6: I | AS6: السبت | AU6: I
E7: II | S7: II | AG7: II | AU7: II
C9: الأحد | E9: I | Q9: الأحد | S9: I | AE9: الأحد | AG9: I | AS9: الأحد | AU9: I
E10: II | S10: II | AG10: II | AU10: II
C12: الإثنين | E12: I | Q12: الإثنين | S12: I | AE12: الإثنين | AG12: I | AS12: الإثنين | AU12: I
E13: II | S13: II | AG13: II | AU13: II
C15: الثلاثاء | E15: I | Q15: الثلاثاء | S15: I | AE15: الثلاثاء | AG15: I | AS15: الثلاثاء | AU15: I
E16: II | S16: II | AG16: II | AU16: II
C18: الاربعاء | E18: I | Q18: الاربعاء | S18: I | AE18: الاربعاء | AG18: I | AS18: الاربعاء | AU18: I
E19: II | S19: II | AG19: II | AU19: II
C21: الخميس | E21: I | Q21: الخميس | S21: I | AE21: الخميس | AG21: I | AS21: الخميس | AU21: I
E22: II | S22: II | AG22: II | AU22: II
A25: ماكينة 5G M5-3 | O25: ماكينةالمزاج M6-3 | AC25: ماكينةالفريسكو M7-3 | AQ25: ماكينةكومبو M8-4
A26: اسم المنتج | B26: الباتشة | C26: اليوم | D26: التاريخ | E26: الوردية | F26: وزن الآيس | G26: وزن الصوص | H26: وزن البسكوت | I26: الحد الأدنى | J26: الوزن الفعلى | K26: الحد الأعلى | O26: اسم المنتج | P26: الباتشة | Q26: اليوم | R26: التاريخ | S26: الوردية | T26: وزن الآيس | U26: الحد الأدنى | V26: الوزن الفعلى | W26: الحد الأعلى | AC26: اسم المنتج | AD26: الباتشة | AE26: اليوم | AF26: التاريخ | AG26: الوردية | AH26: وزن البسكوت | AI26: وزن شوكلاتة السفلية | AJ26: وزن الآيس | AK26: وزن الكراميل | AL26: وزن الشوكولاتةالعلوية | AM26: الحد الأدنى | AN26: الوزن الفعلى | AO26: الحد الأعلى | AQ26: اسم المنتج | AR26: الباتشة | AS26: اليوم | AT26: التاريخ | AU26: الوردية | AV26: وزن البسكوت | AW26: وزن شوكلاتة السفلية | AX26: وزن الآيس | AY26: وزن الكراميل | AZ26: وزن الشوكولاتة العلوية | BA26: الحد الأدنى | BB26: الوزن الفعلى | BC26: الحد الأعلى
C27: الجمعة | E27: I | Q27: الجمعة | S27: I | AE27: الجمعة | AG27: I | AS27: الجمعة | AU27: I
E28: II | S28: II | AG28: II | AU28: II
C30: السبت | E30: I | Q30: السبت | S30: I | AE30: السبت | AG30: I | AS30: السبت | AU30: I
E31: II | S31: II | AG31: II | AU31: II
C33: الأحد | E33: I | Q33: الأحد | S33: I | AE33: الأحد | AG33: I | AS33: الأحد | AU33: I
E34: II | S34: II | AG34: II | AU34: II
C36: الإثنين | E36: I | Q36: الإثنين | S36: I | AE36: الإثنين | AG36: I | AS36: الإثنين | AU36: I
E37: II | S37: II | AG37: II | AU37: II
C39: الثلاثاء | E39: I | Q39: الثلاثاء | S39: I | AE39: الثلاثاء | AG39: I | AS39: الثلاثاء | AU39: I
E40: II | S40: II | AG40: II | AU40: II
C42: الاربعاء | E42: I | Q42: الاربعاء | S42: I | AE42: الاربعاء | AG42: I | AS42: الاربعاء | AU42: I
E43: II | S43: II | AG43: II | AU43: II
C45: الخميس | E45: I | Q45: الخميس | S45: I | AE45: الخميس | AG45: I | AS45: الخميس | AU45: I
E46: II | S46: II | AG46: II | AU46: II
A49: ماكينة السويتش M9-5 | O49: ماكينة الأستيك M10-6 | AC49: ماكينة الأستيك M10-6 (PK2) | AQ49: ماكينة الفروتى M18-13
A50: اسم المنتج | B50: الباتشة | C50: اليوم | D50: التاريخ | E50: الوردية | F50: وزن الآيس | G50: وزن الصوص | H50: وزن البسكوت | I50: الحد الأدنى | J50: الوزن الفعلى | K50: الحد الأعلى | O50: اسم المنتج | P50: الباتشة | Q50: اليوم | R50: التاريخ | S50: الوردية | T50: وزن الآيس | U50: وزن الصوص | V50: الحد الأدنى | W50: الوزن الفعلى | X50: الحد الأعلى | AC50: اسم المنتج | AD50: الباتشة | AE50: اليوم | AF50: التاريخ | AG50: الوردية | AH50: وزن الآيس | AI50: وزن الصوص | AJ50: الحد الأدنى | AK50: الوزن الفعلى | AL50: الحد الأعلى | AQ50: اسم المنتج | AR50: الباتشة | AS50: اليوم | AT50: التاريخ | AU50: الوردية | AV50: وزن الآيس | AW50: الحد الأدنى | AX50: الوزن الفعلى | AY50: الحد الأعلى
C51: الجمعة | E51: I | Q51: الجمعة | S51: I | AE51: الجمعة | AG51: I | AS51: الجمعة | AU51: I
E52: II | S52: II | AG52: II | AU52: II
C54: السبت | E54: I | Q54: السبت | S54: I | AE54: السبت | AG54: I | AS54: السبت | AU54: I
E55: II | S55: II | AG55: II | AU55: II
C57: الأحد | E57: I | Q57: الأحد | S57: I | AE57: الأحد | AG57: I | AS57: الأحد | AU57: I
E58: II | S58: II | AG58: II | AU58: II
C60: الإثنين | E60: I | Q60: الإثنين | S60: I | AE60: الإثنين | AG60: I | AS60: الإثنين | AU60: I
E61: II | S61: II | AG61: II | AU61: II
C63: الثلاثاء | E63: I | Q63: الثلاثاء | S63: I | AE63: الثلاثاء | AG63: I | AS63: الثلاثاء | AU63: I
E64: II | S64: II | AG64: II | AU64: II
C66: الاربعاء | E66: I | Q66: الاربعاء | S66: I | AE66: الاربعاء | AG66: I | AS66: الاربعاء | AU66: I
E67: II | S67: II | AG67: II | AU67: II
C69: الخميس | E69: I | Q69: الخميس | S69: I | AE69: الخميس | AG69: I | AS69: الخميس | AU69: I
E70: II | S70: II | AG70: II | AU70: II

Sheet QC Deviation Record Hall 1 
C1: Weekly Deviations Record Prpduction Hall 1
B4: الماكينة | C4: M1-1 | K4: M2-1 | S4: M3-2 | AA4: M4-2 | AI4: M5-3 | AQ4: M6-3 | AY4: M7-3 | BG4: M8-4 | BO4: M9-5 | BW4: M10-6 | CE4: M10-6 (PK2) | CM4: M18-13
B5: اسم المنتج | J5: Defect Av. Rate % | R5: Defect Av. Rate % | Z5: Defect Av. Rate % | AH5: Defect Av. Rate % | AP5: Defect Av. Rate % | AX5: Defect Av. Rate % | BF5: Defect Av. Rate % | BN5: Defect Av. Rate % | BV5: Defect Av. Rate % | CD5: Defect Av. Rate % | CL5: Defect Av. Rate % | CT5: Defect Av. Rate %
B6: التاريخ
B7: الإنتاجية
A8: الكود | B8: الفئة | C8: السبت | D8: الأحد | E8: الإثنين | F8: الثلاثاء | G8: الأربعاء | H8: الخميس | I8: الجمعة | K8: السبت | L8: الأحد | M8: الإثنين | N8: الثلاثاء | O8: الأربعاء | P8: الخميس | Q8: الجمعة | S8: السبت | T8: الأحد | U8: الإثنين | V8: الثلاثاء | W8: الأربعاء | X8: الخميس | Y8: الجمعة | AA8: السبت | AB8: الأحد | AC8: الإثنين | AD8: الثلاثاء | AE8: الأربعاء | AF8: الخميس | AG8: الجمعة | AI8: السبت | AJ8: الأحد | AK8: الإثنين | AL8: الثلاثاء | AM8: الأربعاء | AN8: الخميس | AO8: الجمعة | AQ8: السبت | AR8: الأحد | AS8: الإثنين | AT8: الثلاثاء | AU8: الأربعاء | AV8: الخميس | AW8: الجمعة | AY8: السبت | AZ8: الأحد | BA8: الإثنين | BB8: الثلاثاء | BC8: الأربعاء | BD8: الخميس | BE8: الجمعة | BG8: السبت | BH8: الأحد | BI8: الإثنين | BJ8: الثلاثاء | BK8: الأربعاء | BL8: الخميس | BM8: الجمعة | BO8: السبت | BP8: الأحد | BQ8: الإثنين | BR8: الثلاثاء | BS8: الأربعاء | BT8: الخميس | BU8: الجمعة | BW8: السبت | BX8: الأحد | BY8: الإثنين | BZ8: الثلاثاء | CA8: الأربعاء | CB8: الخميس | CC8: الجمعة | CE8: السبت | CF8: الأحد | CG8: الإثنين | CH8: الثلاثاء | CI8: الأربعاء | CJ8: الخميس | CK8: الجمعة | CM8: السبت | CN8: الأحد | CO8: الإثنين | CP8: الثلاثاء | CQ8: الأربعاء | CR8: الخميس | CS8: الجمعة
A9: إضافات | J9: =IFERROR((SUM(C9:I9)/SUM($C$7:$I$7))*100,"") | R9: =IFERROR((SUM(K9:Q9)/SUM($K$7:$Q$7))*100,"") | Z9: =IFERROR((SUM(S9:Y9)/SUM($S$7:$Y$7))*100,"") | AH9: =IFERROR(SUM(AA9:AG9)/SUM($AA$7:$AG$7)*100,"") | AP9: =IFERROR(SUM(AI9:AO9)/SUM($AI$7:$AO$7)*100,"") | AX9: =IFERROR((SUM(AQ9:AW9)/SUM($AQ$7:$AW$7))*100,"") | BF9: =IFERROR((SUM(AY9:BE9)/SUM($AY$7:$BE$7))*100,"") | BN9: =IFERROR((SUM(BG9:BM9)/SUM($BG$7:$BM$7))*100,"") | BV9: =IFERROR((SUM(BO9:BU9)/SUM($BO$7:$BU$7))*100,"") | CD9: =IFERROR((SUM(BW9:CC9)/SUM($BW$7:$CC$7))*100,"") | CL9: =IFERROR((SUM(CE9:CK9)/SUM($CE$7:$CK$7))*100,"") | CT9: =IFERROR((SUM(CM9:CS9)/SUM($CM$7:$CS$7))*100,"")
A10: AD01 | B10: تكتل الإضافات في جزء واحد | J10: =IFERROR((SUM(C10:I10)/SUM($C$7:$I$7))*100,"") | R10: =IFERROR((SUM(K10:Q10)/SUM($K$7:$Q$7))*100,"") | Z10: =IFERROR((SUM(S10:Y10)/SUM($S$7:$Y$7))*100,"") | AH10: =IFERROR(SUM(AA10:AG10)/SUM($AA$7:$AG$7)*100,"") | AP10: =IFERROR(SUM(AI10:AO10)/SUM($AI$7:$AO$7)*100,"") | AX10: =IFERROR((SUM(AQ10:AW10)/SUM($AQ$7:$AW$7))*100,"") | BF10: =IFERROR((SUM(AY10:BE10)/SUM($AY$7:$BE$7))*100,"") | BN10: =IFERROR((SUM(BG10:BM10)/SUM($BG$7:$BM$7))*100,"") | BV10: =IFERROR((SUM(BO10:BU10)/SUM($BO$7:$BU$7))*100,"") | CD10: =IFERROR((SUM(BW10:CC10)/SUM($BW$7:$CC$7))*100,"") | CL10: =IFERROR((SUM(CE10:CK10)/SUM($CE$7:$CK$7))*100,"") | CT10: =IFERROR((SUM(CM10:CS10)/SUM($CM$7:$CS$7))*100,"")
A11: AD02 | B11: إضافات رطبة/مكسورة زيادة | J11: =IFERROR((SUM(C11:I11)/SUM($C$7:$I$7))*100,"") | R11: =IFERROR((SUM(K11:Q11)/SUM($K$7:$Q$7))*100,"") | Z11: =IFERROR((SUM(S11:Y11)/SUM($S$7:$Y$7))*100,"") | AH11: =IFERROR(SUM(AA11:AG11)/SUM($AA$7:$AG$7)*100,"") | AP11: =IFERROR(SUM(AI11:AO11)/SUM($AI$7:$AO$7)*100,"") | AX11: =IFERROR((SUM(AQ11:AW11)/SUM($AQ$7:$AW$7))*100,"") | BF11: =IFERROR((SUM(AY11:BE11)/SUM($AY$7:$BE$7))*100,"") | BN11: =IFERROR((SUM(BG11:BM11)/SUM($BG$7:$BM$7))*100,"") | BV11: =IFERROR((SUM(BO11:BU11)/SUM($BO$7:$BU$7))*100,"") | CD11: =IFERROR((SUM(BW11:CC11)/SUM($BW$7:$CC$7))*100,"") | CL11: =IFERROR((SUM(CE11:CK11)/SUM($CE$7:$CK$7))*100,"") | CT11: =IFERROR((SUM(CM11:CS11)/SUM($CM$7:$CS$7))*100,"")
A12: AD03 | B12: نوع إضافات غير مطابق للوصفة | J12: =IFERROR((SUM(C12:I12)/SUM($C$7:$I$7))*100,"") | R12: =IFERROR((SUM(K12:Q12)/SUM($K$7:$Q$7))*100,"") | Z12: =IFERROR((SUM(S12:Y12)/SUM($S$7:$Y$7))*100,"") | AH12: =IFERROR(SUM(AA12:AG12)/SUM($AA$7:$AG$7)*100,"") | AP12: =IFERROR(SUM(AI12:AO12)/SUM($AI$7:$AO$7)*100,"") | AX12: =IFERROR((SUM(AQ12:AW12)/SUM($AQ$7:$AW$7))*100,"") | BF12: =IFERROR((SUM(AY12:BE12)/SUM($AY$7:$BE$7))*100,"") | BN12: =IFERROR((SUM(BG12:BM12)/SUM($BG$7:$BM$7))*100,"") | BV12: =IFERROR((SUM(BO12:BU12)/SUM($BO$7:$BU$7))*100,"") | CD12: =IFERROR((SUM(BW12:CC12)/SUM($BW$7:$CC$7))*100,"") | CL12: =IFERROR((SUM(CE12:CK12)/SUM($CE$7:$CK$7))*100,"") | CT12: =IFERROR((SUM(CM12:CS12)/SUM($CM$7:$CS$7))*100,"")
A13: AD04 | B13: عدم وجود إضافة / إنسداد فى كل العيون | J13: =IFERROR((SUM(C13:I13)/SUM($C$7:$I$7))*100,"") | R13: =IFERROR((SUM(K13:Q13)/SUM($K$7:$Q$7))*100,"") | Z13: =IFERROR((SUM(S13:Y13)/SUM($S$7:$Y$7))*100,"") | AH13: =IFERROR(SUM(AA13:AG13)/SUM($AA$7:$AG$7)*100,"") | AP13: =IFERROR(SUM(AI13:AO13)/SUM($AI$7:$AO$7)*100,"") | AX13: =IFERROR((SUM(AQ13:AW13)/SUM($AQ$7:$AW$7))*100,"") | BF13: =IFERROR((SUM(AY13:BE13)/SUM($AY$7:$BE$7))*100,"") | BN13: =IFERROR((SUM(BG13:BM13)/SUM($BG$7:$BM$7))*100,"") | BV13: =IFERROR((SUM(BO13:BU13)/SUM($BO$7:$BU$7))*100,"") | CD13: =IFERROR((SUM(BW13:CC13)/SUM($BW$7:$CC$7))*100,"") | CL13: =IFERROR((SUM(CE13:CK13)/SUM($CE$7:$CK$7))*100,"") | CT13: =IFERROR((SUM(CM13:CS13)/SUM($CM$7:$CS$7))*100,"")
A14: AD05 | B14: عدم وجود إضافة / إنسداد فى بعض العيون | J14: =IFERROR((SUM(C14:I14)/SUM($C$7:$I$7))*100,"") | R14: =IFERROR((SUM(K14:Q14)/SUM($K$7:$Q$7))*100,"") | Z14: =IFERROR((SUM(S14:Y14)/SUM($S$7:$Y$7))*100,"") | AH14: =IFERROR(SUM(AA14:AG14)/SUM($AA$7:$AG$7)*100,"") | AP14: =IFERROR(SUM(AI14:AO14)/SUM($AI$7:$AO$7)*100,"") | AX14: =IFERROR((SUM(AQ14:AW14)/SUM($AQ$7:$AW$7))*100,"") | BF14: =IFERROR((SUM(AY14:BE14)/SUM($AY$7:$BE$7))*100,"") | BN14: =IFERROR((SUM(BG14:BM14)/SUM($BG$7:$BM$7))*100,"") | BV14: =IFERROR((SUM(BO14:BU14)/SUM($BO$7:$BU$7))*100,"") | CD14: =IFERROR((SUM(BW14:CC14)/SUM($BW$7:$CC$7))*100,"") | CL14: =IFERROR((SUM(CE14:CK14)/SUM($CE$7:$CK$7))*100,"") | CT14: =IFERROR((SUM(CM14:CS14)/SUM($CM$7:$CS$7))*100,"")
A15: خطر كيميائى | J15: =IFERROR((SUM(C15:I15)/SUM($C$7:$I$7))*100,"") | R15: =IFERROR((SUM(K15:Q15)/SUM($K$7:$Q$7))*100,"") | Z15: =IFERROR((SUM(S15:Y15)/SUM($S$7:$Y$7))*100,"") | AH15: =IFERROR(SUM(AA15:AG15)/SUM($AA$7:$AG$7)*100,"") | AP15: =IFERROR(SUM(AI15:AO15)/SUM($AI$7:$AO$7)*100,"") | AX15: =IFERROR((SUM(AQ15:AW15)/SUM($AQ$7:$AW$7))*100,"") | BF15: =IFERROR((SUM(AY15:BE15)/SUM($AY$7:$BE$7))*100,"") | BN15: =IFERROR((SUM(BG15:BM15)/SUM($BG$7:$BM$7))*100,"") | BV15: =IFERROR((SUM(BO15:BU15)/SUM($BO$7:$BU$7))*100,"") | CD15: =IFERROR((SUM(BW15:CC15)/SUM($BW$7:$CC$7))*100,"") | CL15: =IFERROR((SUM(CE15:CK15)/SUM($CE$7:$CK$7))*100,"") | CT15: =IFERROR((SUM(CM15:CS15)/SUM($CM$7:$CS$7))*100,"")
A16: CHEM01 | B16: خطر كيميائى | J16: =IFERROR((SUM(C16:I16)/SUM($C$7:$I$7))*100,"") | R16: =IFERROR((SUM(K16:Q16)/SUM($K$7:$Q$7))*100,"") | Z16: =IFERROR((SUM(S16:Y16)/SUM($S$7:$Y$7))*100,"") | AH16: =IFERROR(SUM(AA16:AG16)/SUM($AA$7:$AG$7)*100,"") | AP16: =IFERROR(SUM(AI16:AO16)/SUM($AI$7:$AO$7)*100,"") | AX16: =IFERROR((SUM(AQ16:AW16)/SUM($AQ$7:$AW$7))*100,"") | BF16: =IFERROR((SUM(AY16:BE16)/SUM($AY$7:$BE$7))*100,"") | BN16: =IFERROR((SUM(BG16:BM16)/SUM($BG$7:$BM$7))*100,"") | BV16: =IFERROR((SUM(BO16:BU16)/SUM($BO$7:$BU$7))*100,"") | CD16: =IFERROR((SUM(BW16:CC16)/SUM($BW$7:$CC$7))*100,"") | CL16: =IFERROR((SUM(CE16:CK16)/SUM($CE$7:$CK$7))*100,"") | CT16: =IFERROR((SUM(CM16:CS16)/SUM($CM$7:$CS$7))*100,"")
A17: تسريب | J17: =IFERROR((SUM(C17:I17)/SUM($C$7:$I$7))*100,"") | R17: =IFERROR((SUM(K17:Q17)/SUM($K$7:$Q$7))*100,"") | Z17: =IFERROR((SUM(S17:Y17)/SUM($S$7:$Y$7))*100,"") | AH17: =IFERROR(SUM(AA17:AG17)/SUM($AA$7:$AG$7)*100,"") | AP17: =IFERROR(SUM(AI17:AO17)/SUM($AI$7:$AO$7)*100,"") | AX17: =IFERROR((SUM(AQ17:AW17)/SUM($AQ$7:$AW$7))*100,"") | BF17: =IFERROR((SUM(AY17:BE17)/SUM($AY$7:$BE$7))*100,"") | BN17: =IFERROR((SUM(BG17:BM17)/SUM($BG$7:$BM$7))*100,"") | BV17: =IFERROR((SUM(BO17:BU17)/SUM($BO$7:$BU$7))*100,"") | CD17: =IFERROR((SUM(BW17:CC17)/SUM($BW$7:$CC$7))*100,"") | CL17: =IFERROR((SUM(CE17:CK17)/SUM($CE$7:$CK$7))*100,"") | CT17: =IFERROR((SUM(CM17:CS17)/SUM($CM$7:$CS$7))*100,"")
A18: LK01 | B18: تسريب من جسم الكوب/العبوة | J18: =IFERROR((SUM(C18:I18)/SUM($C$7:$I$7))*100,"") | R18: =IFERROR((SUM(K18:Q18)/SUM($K$7:$Q$7))*100,"") | Z18: =IFERROR((SUM(S18:Y18)/SUM($S$7:$Y$7))*100,"") | AH18: =IFERROR(SUM(AA18:AG18)/SUM($AA$7:$AG$7)*100,"") | AP18: =IFERROR(SUM(AI18:AO18)/SUM($AI$7:$AO$7)*100,"") | AX18: =IFERROR((SUM(AQ18:AW18)/SUM($AQ$7:$AW$7))*100,"") | BF18: =IFERROR((SUM(AY18:BE18)/SUM($AY$7:$BE$7))*100,"") | BN18: =IFERROR((SUM(BG18:BM18)/SUM($BG$7:$BM$7))*100,"") | BV18: =IFERROR((SUM(BO18:BU18)/SUM($BO$7:$BU$7))*100,"") | CD18: =IFERROR((SUM(BW18:CC18)/SUM($BW$7:$CC$7))*100,"") | CL18: =IFERROR((SUM(CE18:CK18)/SUM($CE$7:$CK$7))*100,"") | CT18: =IFERROR((SUM(CM18:CS18)/SUM($CM$7:$CS$7))*100,"")
A19: LK02 | B19: تسريب من منطقة الغطاء | J19: =IFERROR((SUM(C19:I19)/SUM($C$7:$I$7))*100,"") | R19: =IFERROR((SUM(K19:Q19)/SUM($K$7:$Q$7))*100,"") | Z19: =IFERROR((SUM(S19:Y19)/SUM($S$7:$Y$7))*100,"") | AH19: =IFERROR(SUM(AA19:AG19)/SUM($AA$7:$AG$7)*100,"") | AP19: =IFERROR(SUM(AI19:AO19)/SUM($AI$7:$AO$7)*100,"") | AX19: =IFERROR((SUM(AQ19:AW19)/SUM($AQ$7:$AW$7))*100,"") | BF19: =IFERROR((SUM(AY19:BE19)/SUM($AY$7:$BE$7))*100,"") | BN19: =IFERROR((SUM(BG19:BM19)/SUM($BG$7:$BM$7))*100,"") | BV19: =IFERROR((SUM(BO19:BU19)/SUM($BO$7:$BU$7))*100,"") | CD19: =IFERROR((SUM(BW19:CC19)/SUM($BW$7:$CC$7))*100,"") | CL19: =IFERROR((SUM(CE19:CK19)/SUM($CE$7:$CK$7))*100,"") | CT19: =IFERROR((SUM(CM19:CS19)/SUM($CM$7:$CS$7))*100,"")
A20: LK03 | B20: تسريب بعد التجميد | J20: =IFERROR((SUM(C20:I20)/SUM($C$7:$I$7))*100,"") | R20: =IFERROR((SUM(K20:Q20)/SUM($K$7:$Q$7))*100,"") | Z20: =IFERROR((SUM(S20:Y20)/SUM($S$7:$Y$7))*100,"") | AH20: =IFERROR(SUM(AA20:AG20)/SUM($AA$7:$AG$7)*100,"") | AP20: =IFERROR(SUM(AI20:AO20)/SUM($AI$7:$AO$7)*100,"") | AX20: =IFERROR((SUM(AQ20:AW20)/SUM($AQ$7:$AW$7))*100,"") | BF20: =IFERROR((SUM(AY20:BE20)/SUM($AY$7:$BE$7))*100,"") | BN20: =IFERROR((SUM(BG20:BM20)/SUM($BG$7:$BM$7))*100,"") | BV20: =IFERROR((SUM(BO20:BU20)/SUM($BO$7:$BU$7))*100,"") | CD20: =IFERROR((SUM(BW20:CC20)/SUM($BW$7:$CC$7))*100,"") | CL20: =IFERROR((SUM(CE20:CK20)/SUM($CE$7:$CK$7))*100,"") | CT20: =IFERROR((SUM(CM20:CS20)/SUM($CM$7:$CS$7))*100,"")
A21: LK04 | B21: تسريب أثناء النقل الداخلي | J21: =IFERROR((SUM(C21:I21)/SUM($C$7:$I$7))*100,"") | R21: =IFERROR((SUM(K21:Q21)/SUM($K$7:$Q$7))*100,"") | Z21: =IFERROR((SUM(S21:Y21)/SUM($S$7:$Y$7))*100,"") | AH21: =IFERROR(SUM(AA21:AG21)/SUM($AA$7:$AG$7)*100,"") | AP21: =IFERROR(SUM(AI21:AO21)/SUM($AI$7:$AO$7)*100,"") | AX21: =IFERROR((SUM(AQ21:AW21)/SUM($AQ$7:$AW$7))*100,"") | BF21: =IFERROR((SUM(AY21:BE21)/SUM($AY$7:$BE$7))*100,"") | BN21: =IFERROR((SUM(BG21:BM21)/SUM($BG$7:$BM$7))*100,"") | BV21: =IFERROR((SUM(BO21:BU21)/SUM($BO$7:$BU$7))*100,"") | CD21: =IFERROR((SUM(BW21:CC21)/SUM($BW$7:$CC$7))*100,"") | CL21: =IFERROR((SUM(CE21:CK21)/SUM($CE$7:$CK$7))*100,"") | CT21: =IFERROR((SUM(CM21:CS21)/SUM($CM$7:$CS$7))*100,"")
A22: LK05 | B22: تسريب بسبب تشقق العبوة | J22: =IFERROR((SUM(C22:I22)/SUM($C$7:$I$7))*100,"") | R22: =IFERROR((SUM(K22:Q22)/SUM($K$7:$Q$7))*100,"") | Z22: =IFERROR((SUM(S22:Y22)/SUM($S$7:$Y$7))*100,"") | AH22: =IFERROR(SUM(AA22:AG22)/SUM($AA$7:$AG$7)*100,"") | AP22: =IFERROR(SUM(AI22:AO22)/SUM($AI$7:$AO$7)*100,"") | AX22: =IFERROR((SUM(AQ22:AW22)/SUM($AQ$7:$AW$7))*100,"") | BF22: =IFERROR((SUM(AY22:BE22)/SUM($AY$7:$BE$7))*100,"") | BN22: =IFERROR((SUM(BG22:BM22)/SUM($BG$7:$BM$7))*100,"") | BV22: =IFERROR((SUM(BO22:BU22)/SUM($BO$7:$BU$7))*100,"") | CD22: =IFERROR((SUM(BW22:CC22)/SUM($BW$7:$CC$7))*100,"") | CL22: =IFERROR((SUM(CE22:CK22)/SUM($CE$7:$CK$7))*100,"") | CT22: =IFERROR((SUM(CM22:CS22)/SUM($CM$7:$CS$7))*100,"")
A23: LK06 | B23: تسريب من اللحام بعد الفحص | J23: =IFERROR((SUM(C23:I23)/SUM($C$7:$I$7))*100,"") | R23: =IFERROR((SUM(K23:Q23)/SUM($K$7:$Q$7))*100,"") | Z23: =IFERROR((SUM(S23:Y23)/SUM($S$7:$Y$7))*100,"") | AH23: =IFERROR(SUM(AA23:AG23)/SUM($AA$7:$AG$7)*100,"") | AP23: =IFERROR(SUM(AI23:AO23)/SUM($AI$7:$AO$7)*100,"") | AX23: =IFERROR((SUM(AQ23:AW23)/SUM($AQ$7:$AW$7))*100,"") | BF23: =IFERROR((SUM(AY23:BE23)/SUM($AY$7:$BE$7))*100,"") | BN23: =IFERROR((SUM(BG23:BM23)/SUM($BG$7:$BM$7))*100,"") | BV23: =IFERROR((SUM(BO23:BU23)/SUM($BO$7:$BU$7))*100,"") | CD23: =IFERROR((SUM(BW23:CC23)/SUM($BW$7:$CC$7))*100,"") | CL23: =IFERROR((SUM(CE23:CK23)/SUM($CE$7:$CK$7))*100,"") | CT23: =IFERROR((SUM(CM23:CS23)/SUM($CM$7:$CS$7))*100,"")
A24: خطر ميكروبى | J24: =IFERROR((SUM(C24:I24)/SUM($C$7:$I$7))*100,"") | R24: =IFERROR((SUM(K24:Q24)/SUM($K$7:$Q$7))*100,"") | Z24: =IFERROR((SUM(S24:Y24)/SUM($S$7:$Y$7))*100,"") | AH24: =IFERROR(SUM(AA24:AG24)/SUM($AA$7:$AG$7)*100,"") | AP24: =IFERROR(SUM(AI24:AO24)/SUM($AI$7:$AO$7)*100,"") | AX24: =IFERROR((SUM(AQ24:AW24)/SUM($AQ$7:$AW$7))*100,"") | BF24: =IFERROR((SUM(AY24:BE24)/SUM($AY$7:$BE$7))*100,"") | BN24: =IFERROR((SUM(BG24:BM24)/SUM($BG$7:$BM$7))*100,"") | BV24: =IFERROR((SUM(BO24:BU24)/SUM($BO$7:$BU$7))*100,"") | CD24: =IFERROR((SUM(BW24:CC24)/SUM($BW$7:$CC$7))*100,"") | CL24: =IFERROR((SUM(CE24:CK24)/SUM($CE$7:$CK$7))*100,"") | CT24: =IFERROR((SUM(CM24:CS24)/SUM($CM$7:$CS$7))*100,"")
A25: MIC01 | B25: حدوث تلوث ميكروبى | J25: =IFERROR((SUM(C25:I25)/SUM($C$7:$I$7))*100,"") | R25: =IFERROR((SUM(K25:Q25)/SUM($K$7:$Q$7))*100,"") | Z25: =IFERROR((SUM(S25:Y25)/SUM($S$7:$Y$7))*100,"") | AH25: =IFERROR(SUM(AA25:AG25)/SUM($AA$7:$AG$7)*100,"") | AP25: =IFERROR(SUM(AI25:AO25)/SUM($AI$7:$AO$7)*100,"") | AX25: =IFERROR((SUM(AQ25:AW25)/SUM($AQ$7:$AW$7))*100,"") | BF25: =IFERROR((SUM(AY25:BE25)/SUM($AY$7:$BE$7))*100,"") | BN25: =IFERROR((SUM(BG25:BM25)/SUM($BG$7:$BM$7))*100,"") | BV25: =IFERROR((SUM(BO25:BU25)/SUM($BO$7:$BU$7))*100,"") | CD25: =IFERROR((SUM(BW25:CC25)/SUM($BW$7:$CC$7))*100,"") | CL25: =IFERROR((SUM(CE25:CK25)/SUM($CE$7:$CK$7))*100,"") | CT25: =IFERROR((SUM(CM25:CS25)/SUM($CM$7:$CS$7))*100,"")
A26: خطر فيزيائى | J26: =IFERROR((SUM(C26:I26)/SUM($C$7:$I$7))*100,"") | R26: =IFERROR((SUM(K26:Q26)/SUM($K$7:$Q$7))*100,"") | Z26: =IFERROR((SUM(S26:Y26)/SUM($S$7:$Y$7))*100,"") | AH26: =IFERROR(SUM(AA26:AG26)/SUM($AA$7:$AG$7)*100,"") | AP26: =IFERROR(SUM(AI26:AO26)/SUM($AI$7:$AO$7)*100,"") | AX26: =IFERROR((SUM(AQ26:AW26)/SUM($AQ$7:$AW$7))*100,"") | BF26: =IFERROR((SUM(AY26:BE26)/SUM($AY$7:$BE$7))*100,"") | BN26: =IFERROR((SUM(BG26:BM26)/SUM($BG$7:$BM$7))*100,"") | BV26: =IFERROR((SUM(BO26:BU26)/SUM($BO$7:$BU$7))*100,"") | CD26: =IFERROR((SUM(BW26:CC26)/SUM($BW$7:$CC$7))*100,"") | CL26: =IFERROR((SUM(CE26:CK26)/SUM($CE$7:$CK$7))*100,"") | CT26: =IFERROR((SUM(CM26:CS26)/SUM($CM$7:$CS$7))*100,"")
A27: PH01 | B27: تلوث/شوائب في الإضافات | J27: =IFERROR((SUM(C27:I27)/SUM($C$7:$I$7))*100,"") | R27: =IFERROR((SUM(K27:Q27)/SUM($K$7:$Q$7))*100,"") | Z27: =IFERROR((SUM(S27:Y27)/SUM($S$7:$Y$7))*100,"") | AH27: =IFERROR(SUM(AA27:AG27)/SUM($AA$7:$AG$7)*100,"") | AP27: =IFERROR(SUM(AI27:AO27)/SUM($AI$7:$AO$7)*100,"") | AX27: =IFERROR((SUM(AQ27:AW27)/SUM($AQ$7:$AW$7))*100,"") | BF27: =IFERROR((SUM(AY27:BE27)/SUM($AY$7:$BE$7))*100,"") | BN27: =IFERROR((SUM(BG27:BM27)/SUM($BG$7:$BM$7))*100,"") | BV27: =IFERROR((SUM(BO27:BU27)/SUM($BO$7:$BU$7))*100,"") | CD27: =IFERROR((SUM(BW27:CC27)/SUM($BW$7:$CC$7))*100,"") | CL27: =IFERROR((SUM(CE27:CK27)/SUM($CE$7:$CK$7))*100,"") | CT27: =IFERROR((SUM(CM27:CS27)/SUM($CM$7:$CS$7))*100,"")
A28: PH02 | B28: جسم غريب (بلاستيك/معدن) | J28: =IFERROR((SUM(C28:I28)/SUM($C$7:$I$7))*100,"") | R28: =IFERROR((SUM(K28:Q28)/SUM($K$7:$Q$7))*100,"") | Z28: =IFERROR((SUM(S28:Y28)/SUM($S$7:$Y$7))*100,"") | AH28: =IFERROR(SUM(AA28:AG28)/SUM($AA$7:$AG$7)*100,"") | AP28: =IFERROR(SUM(AI28:AO28)/SUM($AI$7:$AO$7)*100,"") | AX28: =IFERROR((SUM(AQ28:AW28)/SUM($AQ$7:$AW$7))*100,"") | BF28: =IFERROR((SUM(AY28:BE28)/SUM($AY$7:$BE$7))*100,"") | BN28: =IFERROR((SUM(BG28:BM28)/SUM($BG$7:$BM$7))*100,"") | BV28: =IFERROR((SUM(BO28:BU28)/SUM($BO$7:$BU$7))*100,"") | CD28: =IFERROR((SUM(BW28:CC28)/SUM($BW$7:$CC$7))*100,"") | CL28: =IFERROR((SUM(CE28:CK28)/SUM($CE$7:$CK$7))*100,"") | CT28: =IFERROR((SUM(CM28:CS28)/SUM($CM$7:$CS$7))*100,"")
A29: PH03 | B29: شعر/ألياف | J29: =IFERROR((SUM(C29:I29)/SUM($C$7:$I$7))*100,"") | R29: =IFERROR((SUM(K29:Q29)/SUM($K$7:$Q$7))*100,"") | Z29: =IFERROR((SUM(S29:Y29)/SUM($S$7:$Y$7))*100,"") | AH29: =IFERROR(SUM(AA29:AG29)/SUM($AA$7:$AG$7)*100,"") | AP29: =IFERROR(SUM(AI29:AO29)/SUM($AI$7:$AO$7)*100,"") | AX29: =IFERROR((SUM(AQ29:AW29)/SUM($AQ$7:$AW$7))*100,"") | BF29: =IFERROR((SUM(AY29:BE29)/SUM($AY$7:$BE$7))*100,"") | BN29: =IFERROR((SUM(BG29:BM29)/SUM($BG$7:$BM$7))*100,"") | BV29: =IFERROR((SUM(BO29:BU29)/SUM($BO$7:$BU$7))*100,"") | CD29: =IFERROR((SUM(BW29:CC29)/SUM($BW$7:$CC$7))*100,"") | CL29: =IFERROR((SUM(CE29:CK29)/SUM($CE$7:$CK$7))*100,"") | CT29: =IFERROR((SUM(CM29:CS29)/SUM($CM$7:$CS$7))*100,"")
A30: PH04 | B30: أتربة/رمل | J30: =IFERROR((SUM(C30:I30)/SUM($C$7:$I$7))*100,"") | R30: =IFERROR((SUM(K30:Q30)/SUM($K$7:$Q$7))*100,"") | Z30: =IFERROR((SUM(S30:Y30)/SUM($S$7:$Y$7))*100,"") | AH30: =IFERROR(SUM(AA30:AG30)/SUM($AA$7:$AG$7)*100,"") | AP30: =IFERROR(SUM(AI30:AO30)/SUM($AI$7:$AO$7)*100,"") | AX30: =IFERROR((SUM(AQ30:AW30)/SUM($AQ$7:$AW$7))*100,"") | BF30: =IFERROR((SUM(AY30:BE30)/SUM($AY$7:$BE$7))*100,"") | BN30: =IFERROR((SUM(BG30:BM30)/SUM($BG$7:$BM$7))*100,"") | BV30: =IFERROR((SUM(BO30:BU30)/SUM($BO$7:$BU$7))*100,"") | CD30: =IFERROR((SUM(BW30:CC30)/SUM($BW$7:$CC$7))*100,"") | CL30: =IFERROR((SUM(CE30:CK30)/SUM($CE$7:$CK$7))*100,"") | CT30: =IFERROR((SUM(CM30:CS30)/SUM($CM$7:$CS$7))*100,"")
A31: PH05 | B31: تلوث المنتج بمواد خام | J31: =IFERROR((SUM(C31:I31)/SUM($C$7:$I$7))*100,"") | R31: =IFERROR((SUM(K31:Q31)/SUM($K$7:$Q$7))*100,"") | Z31: =IFERROR((SUM(S31:Y31)/SUM($S$7:$Y$7))*100,"") | AH31: =IFERROR(SUM(AA31:AG31)/SUM($AA$7:$AG$7)*100,"") | AP31: =IFERROR(SUM(AI31:AO31)/SUM($AI$7:$AO$7)*100,"") | AX31: =IFERROR((SUM(AQ31:AW31)/SUM($AQ$7:$AW$7))*100,"") | BF31: =IFERROR((SUM(AY31:BE31)/SUM($AY$7:$BE$7))*100,"") | BN31: =IFERROR((SUM(BG31:BM31)/SUM($BG$7:$BM$7))*100,"") | BV31: =IFERROR((SUM(BO31:BU31)/SUM($BO$7:$BU$7))*100,"") | CD31: =IFERROR((SUM(BW31:CC31)/SUM($BW$7:$CC$7))*100,"") | CL31: =IFERROR((SUM(CE31:CK31)/SUM($CE$7:$CK$7))*100,"") | CT31: =IFERROR((SUM(CM31:CS31)/SUM($CM$7:$CS$7))*100,"")
A32: PH06 | B32: تلوث المنتج بآفات حشرية ومواد سامة | J32: =IFERROR((SUM(C32:I32)/SUM($C$7:$I$7))*100,"") | R32: =IFERROR((SUM(K32:Q32)/SUM($K$7:$Q$7))*100,"") | Z32: =IFERROR((SUM(S32:Y32)/SUM($S$7:$Y$7))*100,"") | AH32: =IFERROR(SUM(AA32:AG32)/SUM($AA$7:$AG$7)*100,"") | AP32: =IFERROR(SUM(AI32:AO32)/SUM($AI$7:$AO$7)*100,"") | AX32: =IFERROR((SUM(AQ32:AW32)/SUM($AQ$7:$AW$7))*100,"") | BF32: =IFERROR((SUM(AY32:BE32)/SUM($AY$7:$BE$7))*100,"") | BN32: =IFERROR((SUM(BG32:BM32)/SUM($BG$7:$BM$7))*100,"") | BV32: =IFERROR((SUM(BO32:BU32)/SUM($BO$7:$BU$7))*100,"") | CD32: =IFERROR((SUM(BW32:CC32)/SUM($BW$7:$CC$7))*100,"") | CL32: =IFERROR((SUM(CE32:CK32)/SUM($CE$7:$CK$7))*100,"") | CT32: =IFERROR((SUM(CM32:CS32)/SUM($CM$7:$CS$7))*100,"")
A33: PH07 | B33: حدوث تلوث خلطى | J33: =IFERROR((SUM(C33:I33)/SUM($C$7:$I$7))*100,"") | R33: =IFERROR((SUM(K33:Q33)/SUM($K$7:$Q$7))*100,"") | Z33: =IFERROR((SUM(S33:Y33)/SUM($S$7:$Y$7))*100,"") | AH33: =IFERROR(SUM(AA33:AG33)/SUM($AA$7:$AG$7)*100,"") | AP33: =IFERROR(SUM(AI33:AO33)/SUM($AI$7:$AO$7)*100,"") | AX33: =IFERROR((SUM(AQ33:AW33)/SUM($AQ$7:$AW$7))*100,"") | BF33: =IFERROR((SUM(AY33:BE33)/SUM($AY$7:$BE$7))*100,"") | BN33: =IFERROR((SUM(BG33:BM33)/SUM($BG$7:$BM$7))*100,"") | BV33: =IFERROR((SUM(BO33:BU33)/SUM($BO$7:$BU$7))*100,"") | CD33: =IFERROR((SUM(BW33:CC33)/SUM($BW$7:$CC$7))*100,"") | CL33: =IFERROR((SUM(CE33:CK33)/SUM($CE$7:$CK$7))*100,"") | CT33: =IFERROR((SUM(CM33:CS33)/SUM($CM$7:$CS$7))*100,"")
A34: PH08 | B34: اكسسورات | J34: =IFERROR((SUM(C34:I34)/SUM($C$7:$I$7))*100,"") | R34: =IFERROR((SUM(K34:Q34)/SUM($K$7:$Q$7))*100,"") | Z34: =IFERROR((SUM(S34:Y34)/SUM($S$7:$Y$7))*100,"") | AH34: =IFERROR(SUM(AA34:AG34)/SUM($AA$7:$AG$7)*100,"") | AP34: =IFERROR(SUM(AI34:AO34)/SUM($AI$7:$AO$7)*100,"") | AX34: =IFERROR((SUM(AQ34:AW34)/SUM($AQ$7:$AW$7))*100,"") | BF34: =IFERROR((SUM(AY34:BE34)/SUM($AY$7:$BE$7))*100,"") | BN34: =IFERROR((SUM(BG34:BM34)/SUM($BG$7:$BM$7))*100,"") | BV34: =IFERROR((SUM(BO34:BU34)/SUM($BO$7:$BU$7))*100,"") | CD34: =IFERROR((SUM(BW34:CC34)/SUM($BW$7:$CC$7))*100,"") | CL34: =IFERROR((SUM(CE34:CK34)/SUM($CE$7:$CK$7))*100,"") | CT34: =IFERROR((SUM(CM34:CS34)/SUM($CM$7:$CS$7))*100,"")
A35: PH09 | B35: بقايا ورق/كرتون | J35: =IFERROR((SUM(C35:I35)/SUM($C$7:$I$7))*100,"") | R35: =IFERROR((SUM(K35:Q35)/SUM($K$7:$Q$7))*100,"") | Z35: =IFERROR((SUM(S35:Y35)/SUM($S$7:$Y$7))*100,"") | AH35: =IFERROR(SUM(AA35:AG35)/SUM($AA$7:$AG$7)*100,"") | AP35: =IFERROR(SUM(AI35:AO35)/SUM($AI$7:$AO$7)*100,"") | AX35: =IFERROR((SUM(AQ35:AW35)/SUM($AQ$7:$AW$7))*100,"") | BF35: =IFERROR((SUM(AY35:BE35)/SUM($AY$7:$BE$7))*100,"") | BN35: =IFERROR((SUM(BG35:BM35)/SUM($BG$7:$BM$7))*100,"") | BV35: =IFERROR((SUM(BO35:BU35)/SUM($BO$7:$BU$7))*100,"") | CD35: =IFERROR((SUM(BW35:CC35)/SUM($BW$7:$CC$7))*100,"") | CL35: =IFERROR((SUM(CE35:CK35)/SUM($CE$7:$CK$7))*100,"") | CT35: =IFERROR((SUM(CM35:CS35)/SUM($CM$7:$CS$7))*100,"")
A36: تعبئة وتغليف | J36: =IFERROR((SUM(C36:I36)/SUM($C$7:$I$7))*100,"") | R36: =IFERROR((SUM(K36:Q36)/SUM($K$7:$Q$7))*100,"") | Z36: =IFERROR((SUM(S36:Y36)/SUM($S$7:$Y$7))*100,"") | AH36: =IFERROR(SUM(AA36:AG36)/SUM($AA$7:$AG$7)*100,"") | AP36: =IFERROR(SUM(AI36:AO36)/SUM($AI$7:$AO$7)*100,"") | AX36: =IFERROR((SUM(AQ36:AW36)/SUM($AQ$7:$AW$7))*100,"") | BF36: =IFERROR((SUM(AY36:BE36)/SUM($AY$7:$BE$7))*100,"") | BN36: =IFERROR((SUM(BG36:BM36)/SUM($BG$7:$BM$7))*100,"") | BV36: =IFERROR((SUM(BO36:BU36)/SUM($BO$7:$BU$7))*100,"") | CD36: =IFERROR((SUM(BW36:CC36)/SUM($BW$7:$CC$7))*100,"") | CL36: =IFERROR((SUM(CE36:CK36)/SUM($CE$7:$CK$7))*100,"") | CT36: =IFERROR((SUM(CM36:CS36)/SUM($CM$7:$CS$7))*100,"")
A37: PK01 | B37: اعوجاج/تشوه الكوب | J37: =IFERROR((SUM(C37:I37)/SUM($C$7:$I$7))*100,"") | R37: =IFERROR((SUM(K37:Q37)/SUM($K$7:$Q$7))*100,"") | Z37: =IFERROR((SUM(S37:Y37)/SUM($S$7:$Y$7))*100,"") | AH37: =IFERROR(SUM(AA37:AG37)/SUM($AA$7:$AG$7)*100,"") | AP37: =IFERROR(SUM(AI37:AO37)/SUM($AI$7:$AO$7)*100,"") | AX37: =IFERROR((SUM(AQ37:AW37)/SUM($AQ$7:$AW$7))*100,"") | BF37: =IFERROR((SUM(AY37:BE37)/SUM($AY$7:$BE$7))*100,"") | BN37: =IFERROR((SUM(BG37:BM37)/SUM($BG$7:$BM$7))*100,"") | BV37: =IFERROR((SUM(BO37:BU37)/SUM($BO$7:$BU$7))*100,"") | CD37: =IFERROR((SUM(BW37:CC37)/SUM($BW$7:$CC$7))*100,"") | CL37: =IFERROR((SUM(CE37:CK37)/SUM($CE$7:$CK$7))*100,"") | CT37: =IFERROR((SUM(CM37:CS37)/SUM($CM$7:$CS$7))*100,"")
A38: PK02 | B38: كوب مكسور/مشقوق | J38: =IFERROR((SUM(C38:I38)/SUM($C$7:$I$7))*100,"") | R38: =IFERROR((SUM(K38:Q38)/SUM($K$7:$Q$7))*100,"") | Z38: =IFERROR((SUM(S38:Y38)/SUM($S$7:$Y$7))*100,"") | AH38: =IFERROR(SUM(AA38:AG38)/SUM($AA$7:$AG$7)*100,"") | AP38: =IFERROR(SUM(AI38:AO38)/SUM($AI$7:$AO$7)*100,"") | AX38: =IFERROR((SUM(AQ38:AW38)/SUM($AQ$7:$AW$7))*100,"") | BF38: =IFERROR((SUM(AY38:BE38)/SUM($AY$7:$BE$7))*100,"") | BN38: =IFERROR((SUM(BG38:BM38)/SUM($BG$7:$BM$7))*100,"") | BV38: =IFERROR((SUM(BO38:BU38)/SUM($BO$7:$BU$7))*100,"") | CD38: =IFERROR((SUM(BW38:CC38)/SUM($BW$7:$CC$7))*100,"") | CL38: =IFERROR((SUM(CE38:CK38)/SUM($CE$7:$CK$7))*100,"") | CT38: =IFERROR((SUM(CM38:CS38)/SUM($CM$7:$CS$7))*100,"")
A39: PK03 | B39: اتساخ الكوب من الداخل قبل التعبئة | J39: =IFERROR((SUM(C39:I39)/SUM($C$7:$I$7))*100,"") | R39: =IFERROR((SUM(K39:Q39)/SUM($K$7:$Q$7))*100,"") | Z39: =IFERROR((SUM(S39:Y39)/SUM($S$7:$Y$7))*100,"") | AH39: =IFERROR(SUM(AA39:AG39)/SUM($AA$7:$AG$7)*100,"") | AP39: =IFERROR(SUM(AI39:AO39)/SUM($AI$7:$AO$7)*100,"") | AX39: =IFERROR((SUM(AQ39:AW39)/SUM($AQ$7:$AW$7))*100,"") | BF39: =IFERROR((SUM(AY39:BE39)/SUM($AY$7:$BE$7))*100,"") | BN39: =IFERROR((SUM(BG39:BM39)/SUM($BG$7:$BM$7))*100,"") | BV39: =IFERROR((SUM(BO39:BU39)/SUM($BO$7:$BU$7))*100,"") | CD39: =IFERROR((SUM(BW39:CC39)/SUM($BW$7:$CC$7))*100,"") | CL39: =IFERROR((SUM(CE39:CK39)/SUM($CE$7:$CK$7))*100,"") | CT39: =IFERROR((SUM(CM39:CS39)/SUM($CM$7:$CS$7))*100,"")
A40: PK04 | B40: تجعد/تمزق في ورق التغليف | J40: =IFERROR((SUM(C40:I40)/SUM($C$7:$I$7))*100,"") | R40: =IFERROR((SUM(K40:Q40)/SUM($K$7:$Q$7))*100,"") | Z40: =IFERROR((SUM(S40:Y40)/SUM($S$7:$Y$7))*100,"") | AH40: =IFERROR(SUM(AA40:AG40)/SUM($AA$7:$AG$7)*100,"") | AP40: =IFERROR(SUM(AI40:AO40)/SUM($AI$7:$AO$7)*100,"") | AX40: =IFERROR((SUM(AQ40:AW40)/SUM($AQ$7:$AW$7))*100,"") | BF40: =IFERROR((SUM(AY40:BE40)/SUM($AY$7:$BE$7))*100,"") | BN40: =IFERROR((SUM(BG40:BM40)/SUM($BG$7:$BM$7))*100,"") | BV40: =IFERROR((SUM(BO40:BU40)/SUM($BO$7:$BU$7))*100,"") | CD40: =IFERROR((SUM(BW40:CC40)/SUM($BW$7:$CC$7))*100,"") | CL40: =IFERROR((SUM(CE40:CK40)/SUM($CE$7:$CK$7))*100,"") | CT40: =IFERROR((SUM(CM40:CS40)/SUM($CM$7:$CS$7))*100,"")
A41: PK05 | B41: زيادة عدد الكراتين | J41: =IFERROR((SUM(C41:I41)/SUM($C$7:$I$7))*100,"") | R41: =IFERROR((SUM(K41:Q41)/SUM($K$7:$Q$7))*100,"") | Z41: =IFERROR((SUM(S41:Y41)/SUM($S$7:$Y$7))*100,"") | AH41: =IFERROR(SUM(AA41:AG41)/SUM($AA$7:$AG$7)*100,"") | AP41: =IFERROR(SUM(AI41:AO41)/SUM($AI$7:$AO$7)*100,"") | AX41: =IFERROR((SUM(AQ41:AW41)/SUM($AQ$7:$AW$7))*100,"") | BF41: =IFERROR((SUM(AY41:BE41)/SUM($AY$7:$BE$7))*100,"") | BN41: =IFERROR((SUM(BG41:BM41)/SUM($BG$7:$BM$7))*100,"") | BV41: =IFERROR((SUM(BO41:BU41)/SUM($BO$7:$BU$7))*100,"") | CD41: =IFERROR((SUM(BW41:CC41)/SUM($BW$7:$CC$7))*100,"") | CL41: =IFERROR((SUM(CE41:CK41)/SUM($CE$7:$CK$7))*100,"") | CT41: =IFERROR((SUM(CM41:CS41)/SUM($CM$7:$CS$7))*100,"")
A42: PK06 | B42: نقص عدد الكراتين | J42: =IFERROR((SUM(C42:I42)/SUM($C$7:$I$7))*100,"") | R42: =IFERROR((SUM(K42:Q42)/SUM($K$7:$Q$7))*100,"") | Z42: =IFERROR((SUM(S42:Y42)/SUM($S$7:$Y$7))*100,"") | AH42: =IFERROR(SUM(AA42:AG42)/SUM($AA$7:$AG$7)*100,"") | AP42: =IFERROR(SUM(AI42:AO42)/SUM($AI$7:$AO$7)*100,"") | AX42: =IFERROR((SUM(AQ42:AW42)/SUM($AQ$7:$AW$7))*100,"") | BF42: =IFERROR((SUM(AY42:BE42)/SUM($AY$7:$BE$7))*100,"") | BN42: =IFERROR((SUM(BG42:BM42)/SUM($BG$7:$BM$7))*100,"") | BV42: =IFERROR((SUM(BO42:BU42)/SUM($BO$7:$BU$7))*100,"") | CD42: =IFERROR((SUM(BW42:CC42)/SUM($BW$7:$CC$7))*100,"") | CL42: =IFERROR((SUM(CE42:CK42)/SUM($CE$7:$CK$7))*100,"") | CT42: =IFERROR((SUM(CM42:CS42)/SUM($CM$7:$CS$7))*100,"")
A43: PK07 | B43: تجميع كراتين غير محكم | J43: =IFERROR((SUM(C43:I43)/SUM($C$7:$I$7))*100,"") | R43: =IFERROR((SUM(K43:Q43)/SUM($K$7:$Q$7))*100,"") | Z43: =IFERROR((SUM(S43:Y43)/SUM($S$7:$Y$7))*100,"") | AH43: =IFERROR(SUM(AA43:AG43)/SUM($AA$7:$AG$7)*100,"") | AP43: =IFERROR(SUM(AI43:AO43)/SUM($AI$7:$AO$7)*100,"") | AX43: =IFERROR((SUM(AQ43:AW43)/SUM($AQ$7:$AW$7))*100,"") | BF43: =IFERROR((SUM(AY43:BE43)/SUM($AY$7:$BE$7))*100,"") | BN43: =IFERROR((SUM(BG43:BM43)/SUM($BG$7:$BM$7))*100,"") | BV43: =IFERROR((SUM(BO43:BU43)/SUM($BO$7:$BU$7))*100,"") | CD43: =IFERROR((SUM(BW43:CC43)/SUM($BW$7:$CC$7))*100,"") | CL43: =IFERROR((SUM(CE43:CK43)/SUM($CE$7:$CK$7))*100,"") | CT43: =IFERROR((SUM(CM43:CS43)/SUM($CM$7:$CS$7))*100,"")
A44: PK08 | B44: عدم إحكام غلق الغطاء | J44: =IFERROR((SUM(C44:I44)/SUM($C$7:$I$7))*100,"") | R44: =IFERROR((SUM(K44:Q44)/SUM($K$7:$Q$7))*100,"") | Z44: =IFERROR((SUM(S44:Y44)/SUM($S$7:$Y$7))*100,"") | AH44: =IFERROR(SUM(AA44:AG44)/SUM($AA$7:$AG$7)*100,"") | AP44: =IFERROR(SUM(AI44:AO44)/SUM($AI$7:$AO$7)*100,"") | AX44: =IFERROR((SUM(AQ44:AW44)/SUM($AQ$7:$AW$7))*100,"") | BF44: =IFERROR((SUM(AY44:BE44)/SUM($AY$7:$BE$7))*100,"") | BN44: =IFERROR((SUM(BG44:BM44)/SUM($BG$7:$BM$7))*100,"") | BV44: =IFERROR((SUM(BO44:BU44)/SUM($BO$7:$BU$7))*100,"") | CD44: =IFERROR((SUM(BW44:CC44)/SUM($BW$7:$CC$7))*100,"") | CL44: =IFERROR((SUM(CE44:CK44)/SUM($CE$7:$CK$7))*100,"") | CT44: =IFERROR((SUM(CM44:CS44)/SUM($CM$7:$CS$7))*100,"")
A45: PK09 | B45: غطاء مكسور/مشقوق | J45: =IFERROR((SUM(C45:I45)/SUM($C$7:$I$7))*100,"") | R45: =IFERROR((SUM(K45:Q45)/SUM($K$7:$Q$7))*100,"") | Z45: =IFERROR((SUM(S45:Y45)/SUM($S$7:$Y$7))*100,"") | AH45: =IFERROR(SUM(AA45:AG45)/SUM($AA$7:$AG$7)*100,"") | AP45: =IFERROR(SUM(AI45:AO45)/SUM($AI$7:$AO$7)*100,"") | AX45: =IFERROR((SUM(AQ45:AW45)/SUM($AQ$7:$AW$7))*100,"") | BF45: =IFERROR((SUM(AY45:BE45)/SUM($AY$7:$BE$7))*100,"") | BN45: =IFERROR((SUM(BG45:BM45)/SUM($BG$7:$BM$7))*100,"") | BV45: =IFERROR((SUM(BO45:BU45)/SUM($BO$7:$BU$7))*100,"") | CD45: =IFERROR((SUM(BW45:CC45)/SUM($BW$7:$CC$7))*100,"") | CL45: =IFERROR((SUM(CE45:CK45)/SUM($CE$7:$CK$7))*100,"") | CT45: =IFERROR((SUM(CM45:CS45)/SUM($CM$7:$CS$7))*100,"")
A46: PK10 | B46: عدم وجود غطاء | J46: =IFERROR((SUM(C46:I46)/SUM($C$7:$I$7))*100,"") | R46: =IFERROR((SUM(K46:Q46)/SUM($K$7:$Q$7))*100,"") | Z46: =IFERROR((SUM(S46:Y46)/SUM($S$7:$Y$7))*100,"") | AH46: =IFERROR(SUM(AA46:AG46)/SUM($AA$7:$AG$7)*100,"") | AP46: =IFERROR(SUM(AI46:AO46)/SUM($AI$7:$AO$7)*100,"") | AX46: =IFERROR((SUM(AQ46:AW46)/SUM($AQ$7:$AW$7))*100,"") | BF46: =IFERROR((SUM(AY46:BE46)/SUM($AY$7:$BE$7))*100,"") | BN46: =IFERROR((SUM(BG46:BM46)/SUM($BG$7:$BM$7))*100,"") | BV46: =IFERROR((SUM(BO46:BU46)/SUM($BO$7:$BU$7))*100,"") | CD46: =IFERROR((SUM(BW46:CC46)/SUM($BW$7:$CC$7))*100,"") | CL46: =IFERROR((SUM(CE46:CK46)/SUM($CE$7:$CK$7))*100,"") | CT46: =IFERROR((SUM(CM46:CS46)/SUM($CM$7:$CS$7))*100,"")
A47: PK11 | B47: غطاء غير مطابق للمقاس | J47: =IFERROR((SUM(C47:I47)/SUM($C$7:$I$7))*100,"") | R47: =IFERROR((SUM(K47:Q47)/SUM($K$7:$Q$7))*100,"") | Z47: =IFERROR((SUM(S47:Y47)/SUM($S$7:$Y$7))*100,"") | AH47: =IFERROR(SUM(AA47:AG47)/SUM($AA$7:$AG$7)*100,"") | AP47: =IFERROR(SUM(AI47:AO47)/SUM($AI$7:$AO$7)*100,"") | AX47: =IFERROR((SUM(AQ47:AW47)/SUM($AQ$7:$AW$7))*100,"") | BF47: =IFERROR((SUM(AY47:BE47)/SUM($AY$7:$BE$7))*100,"") | BN47: =IFERROR((SUM(BG47:BM47)/SUM($BG$7:$BM$7))*100,"") | BV47: =IFERROR((SUM(BO47:BU47)/SUM($BO$7:$BU$7))*100,"") | CD47: =IFERROR((SUM(BW47:CC47)/SUM($BW$7:$CC$7))*100,"") | CL47: =IFERROR((SUM(CE47:CK47)/SUM($CE$7:$CK$7))*100,"") | CT47: =IFERROR((SUM(CM47:CS47)/SUM($CM$7:$CS$7))*100,"")
A48: PK12 | B48: تراكب/ميل في الغطاء | J48: =IFERROR((SUM(C48:I48)/SUM($C$7:$I$7))*100,"") | R48: =IFERROR((SUM(K48:Q48)/SUM($K$7:$Q$7))*100,"") | Z48: =IFERROR((SUM(S48:Y48)/SUM($S$7:$Y$7))*100,"") | AH48: =IFERROR(SUM(AA48:AG48)/SUM($AA$7:$AG$7)*100,"") | AP48: =IFERROR(SUM(AI48:AO48)/SUM($AI$7:$AO$7)*100,"") | AX48: =IFERROR((SUM(AQ48:AW48)/SUM($AQ$7:$AW$7))*100,"") | BF48: =IFERROR((SUM(AY48:BE48)/SUM($AY$7:$BE$7))*100,"") | BN48: =IFERROR((SUM(BG48:BM48)/SUM($BG$7:$BM$7))*100,"") | BV48: =IFERROR((SUM(BO48:BU48)/SUM($BO$7:$BU$7))*100,"") | CD48: =IFERROR((SUM(BW48:CC48)/SUM($BW$7:$CC$7))*100,"") | CL48: =IFERROR((SUM(CE48:CK48)/SUM($CE$7:$CK$7))*100,"") | CT48: =IFERROR((SUM(CM48:CS48)/SUM($CM$7:$CS$7))*100,"")
... A71: PK36 | B71: باركود كرتونة غير صحيح/غير مقروء | J71: =IFERROR((SUM(C71:I71)/SUM($C$7:$I$7))*100,"") | R71: =IFERROR((SUM(K71:Q71)/SUM($K$7:$Q$7))*100,"") | Z71: =IFERROR((SUM(S71:Y71)/SUM($S$7:$Y$7))*100,"") | AH71: =IFERROR(SUM(AA71:AG71)/SUM($AA$7:$AG$7)*100,"") | AP71: =IFERROR(SUM(AI71:AO71)/SUM($AI$7:$AO$7)*100,"") | AX71: =IFERROR((SUM(AQ71:AW71)/SUM($AQ$7:$AW$7))*100,"") | BF71: =IFERROR((SUM(AY71:BE71)/SUM($AY$7:$BE$7))*100,"") | BN71: =IFERROR((SUM(BG71:BM71)/SUM($BG$7:$BM$7))*100,"") | BV71: =IFERROR((SUM(BO71:BU71)/SUM($BO$7:$BU$7))*100,"") | CD71: =IFERROR((SUM(BW71:CC71)/SUM($BW$7:$CC$7))*100,"") | CL71: =IFERROR((SUM(CE71:CK71)/SUM($CE$7:$CK$7))*100,"") | CT71: =IFERROR((SUM(CM71:CS71)/SUM($CM$7:$CS$7))*100,"")
A72: طباعة وبيانات | J72: =IFERROR((SUM(C72:I72)/SUM($C$7:$I$7))*100,"") | R72: =IFERROR((SUM(K72:Q72)/SUM($K$7:$Q$7))*100,"") | Z72: =IFERROR((SUM(S72:Y72)/SUM($S$7:$Y$7))*100,"") | AH72: =IFERROR(SUM(AA72:AG72)/SUM($AA$7:$AG$7)*100,"") | AP72: =IFERROR(SUM(AI72:AO72)/SUM($AI$7:$AO$7)*100,"") | AX72: =IFERROR((SUM(AQ72:AW72)/SUM($AQ$7:$AW$7))*100,"") | BF72: =IFERROR((SUM(AY72:BE72)/SUM($AY$7:$BE$7))*100,"") | BN72: =IFERROR((SUM(BG72:BM72)/SUM($BG$7:$BM$7))*100,"") | BV72: =IFERROR((SUM(BO72:BU72)/SUM($BO$7:$BU$7))*100,"") | CD72: =IFERROR((SUM(BW72:CC72)/SUM($BW$7:$CC$7))*100,"") | CL72: =IFERROR((SUM(CE72:CK72)/SUM($CE$7:$CK$7))*100,"") | CT72: =IFERROR((SUM(CM72:CS72)/SUM($CM$7:$CS$7))*100,"")
A73: PR01 | B73: خطأ فى طباعة الرسالة | J73: =IFERROR((SUM(C73:I73)/SUM($C$7:$I$7))*100,"") | R73: =IFERROR((SUM(K73:Q73)/SUM($K$7:$Q$7))*100,"") | Z73: =IFERROR((SUM(S73:Y73)/SUM($S$7:$Y$7))*100,"") | AH73: =IFERROR(SUM(AA73:AG73)/SUM($AA$7:$AG$7)*100,"") | AP73: =IFERROR(SUM(AI73:AO73)/SUM($AI$7:$AO$7)*100,"") | AX73: =IFERROR((SUM(AQ73:AW73)/SUM($AQ$7:$AW$7))*100,"") | BF73: =IFERROR((SUM(AY73:BE73)/SUM($AY$7:$BE$7))*100,"") | BN73: =IFERROR((SUM(BG73:BM73)/SUM($BG$7:$BM$7))*100,"") | BV73: =IFERROR((SUM(BO73:BU73)/SUM($BO$7:$BU$7))*100,"") | CD73: =IFERROR((SUM(BW73:CC73)/SUM($BW$7:$CC$7))*100,"") | CL73: =IFERROR((SUM(CE73:CK73)/SUM($CE$7:$CK$7))*100,"") | CT73: =IFERROR((SUM(CM73:CS73)/SUM($CM$7:$CS$7))*100,"")
A74: PR02 | B74: عدم وضوح الطباعة | J74: =IFERROR((SUM(C74:I74)/SUM($C$7:$I$7))*100,"") | R74: =IFERROR((SUM(K74:Q74)/SUM($K$7:$Q$7))*100,"") | Z74: =IFERROR((SUM(S74:Y74)/SUM($S$7:$Y$7))*100,"") | AH74: =IFERROR(SUM(AA74:AG74)/SUM($AA$7:$AG$7)*100,"") | AP74: =IFERROR(SUM(AI74:AO74)/SUM($AI$7:$AO$7)*100,"") | AX74: =IFERROR((SUM(AQ74:AW74)/SUM($AQ$7:$AW$7))*100,"") | BF74: =IFERROR((SUM(AY74:BE74)/SUM($AY$7:$BE$7))*100,"") | BN74: =IFERROR((SUM(BG74:BM74)/SUM($BG$7:$BM$7))*100,"") | BV74: =IFERROR((SUM(BO74:BU74)/SUM($BO$7:$BU$7))*100,"") | CD74: =IFERROR((SUM(BW74:CC74)/SUM($BW$7:$CC$7))*100,"") | CL74: =IFERROR((SUM(CE74:CK74)/SUM($CE$7:$CK$7))*100,"") | CT74: =IFERROR((SUM(CM74:CS74)/SUM($CM$7:$CS$7))*100,"")
A75: PR03 | B75: انعدام الطباعة | J75: =IFERROR((SUM(C75:I75)/SUM($C$7:$I$7))*100,"") | R75: =IFERROR((SUM(K75:Q75)/SUM($K$7:$Q$7))*100,"") | Z75: =IFERROR((SUM(S75:Y75)/SUM($S$7:$Y$7))*100,"") | AH75: =IFERROR(SUM(AA75:AG75)/SUM($AA$7:$AG$7)*100,"") | AP75: =IFERROR(SUM(AI75:AO75)/SUM($AI$7:$AO$7)*100,"") | AX75: =IFERROR((SUM(AQ75:AW75)/SUM($AQ$7:$AW$7))*100,"") | BF75: =IFERROR((SUM(AY75:BE75)/SUM($AY$7:$BE$7))*100,"") | BN75: =IFERROR((SUM(BG75:BM75)/SUM($BG$7:$BM$7))*100,"") | BV75: =IFERROR((SUM(BO75:BU75)/SUM($BO$7:$BU$7))*100,"") | CD75: =IFERROR((SUM(BW75:CC75)/SUM($BW$7:$CC$7))*100,"") | CL75: =IFERROR((SUM(CE75:CK75)/SUM($CE$7:$CK$7))*100,"") | CT75: =IFERROR((SUM(CM75:CS75)/SUM($CM$7:$CS$7))*100,"")
A76: PR04 | B76: طباعة مقلوبة/في مكان غلط | J76: =IFERROR((SUM(C76:I76)/SUM($C$7:$I$7))*100,"") | R76: =IFERROR((SUM(K76:Q76)/SUM($K$7:$Q$7))*100,"") | Z76: =IFERROR((SUM(S76:Y76)/SUM($S$7:$Y$7))*100,"") | AH76: =IFERROR(SUM(AA76:AG76)/SUM($AA$7:$AG$7)*100,"") | AP76: =IFERROR(SUM(AI76:AO76)/SUM($AI$7:$AO$7)*100,"") | AX76: =IFERROR((SUM(AQ76:AW76)/SUM($AQ$7:$AW$7))*100,"") | BF76: =IFERROR((SUM(AY76:BE76)/SUM($AY$7:$BE$7))*100,"") | BN76: =IFERROR((SUM(BG76:BM76)/SUM($BG$7:$BM$7))*100,"") | BV76: =IFERROR((SUM(BO76:BU76)/SUM($BO$7:$BU$7))*100,"") | CD76: =IFERROR((SUM(BW76:CC76)/SUM($BW$7:$CC$7))*100,"") | CL76: =IFERROR((SUM(CE76:CK76)/SUM($CE$7:$CK$7))*100,"") | CT76: =IFERROR((SUM(CM76:CS76)/SUM($CM$7:$CS$7))*100,"")
A77: PR05 | B77: خطأ في اسم المنتج/الباركود | J77: =IFERROR((SUM(C77:I77)/SUM($C$7:$I$7))*100,"") | R77: =IFERROR((SUM(K77:Q77)/SUM($K$7:$Q$7))*100,"") | Z77: =IFERROR((SUM(S77:Y77)/SUM($S$7:$Y$7))*100,"") | AH77: =IFERROR(SUM(AA77:AG77)/SUM($AA$7:$AG$7)*100,"") | AP77: =IFERROR(SUM(AI77:AO77)/SUM($AI$7:$AO$7)*100,"") | AX77: =IFERROR((SUM(AQ77:AW77)/SUM($AQ$7:$AW$7))*100,"") | BF77: =IFERROR((SUM(AY77:BE77)/SUM($AY$7:$BE$7))*100,"") | BN77: =IFERROR((SUM(BG77:BM77)/SUM($BG$7:$BM$7))*100,"") | BV77: =IFERROR((SUM(BO77:BU77)/SUM($BO$7:$BU$7))*100,"") | CD77: =IFERROR((SUM(BW77:CC77)/SUM($BW$7:$CC$7))*100,"") | CL77: =IFERROR((SUM(CE77:CK77)/SUM($CE$7:$CK$7))*100,"") | CT77: =IFERROR((SUM(CM77:CS77)/SUM($CM$7:$CS$7))*100,"")
A78: جودة المنتج | J78: =IFERROR((SUM(C78:I78)/SUM($C$7:$I$7))*100,"") | R78: =IFERROR((SUM(K78:Q78)/SUM($K$7:$Q$7))*100,"") | Z78: =IFERROR((SUM(S78:Y78)/SUM($S$7:$Y$7))*100,"") | AH78: =IFERROR(SUM(AA78:AG78)/SUM($AA$7:$AG$7)*100,"") | AP78: =IFERROR(SUM(AI78:AO78)/SUM($AI$7:$AO$7)*100,"") | AX78: =IFERROR((SUM(AQ78:AW78)/SUM($AQ$7:$AW$7))*100,"") | BF78: =IFERROR((SUM(AY78:BE78)/SUM($AY$7:$BE$7))*100,"") | BN78: =IFERROR((SUM(BG78:BM78)/SUM($BG$7:$BM$7))*100,"") | BV78: =IFERROR((SUM(BO78:BU78)/SUM($BO$7:$BU$7))*100,"") | CD78: =IFERROR((SUM(BW78:CC78)/SUM($BW$7:$CC$7))*100,"") | CL78: =IFERROR((SUM(CE78:CK78)/SUM($CE$7:$CK$7))*100,"") | CT78: =IFERROR((SUM(CM78:CS78)/SUM($CM$7:$CS$7))*100,"")
A79: Q01 | B79: قوام ناعم زيادة (ذوبان/ضعف تجميد/ سيولة ) | J79: =IFERROR((SUM(C79:I79)/SUM($C$7:$I$7))*100,"") | R79: =IFERROR((SUM(K79:Q79)/SUM($K$7:$Q$7))*100,"") | Z79: =IFERROR((SUM(S79:Y79)/SUM($S$7:$Y$7))*100,"") | AH79: =IFERROR(SUM(AA79:AG79)/SUM($AA$7:$AG$7)*100,"") | AP79: =IFERROR(SUM(AI79:AO79)/SUM($AI$7:$AO$7)*100,"") | AX79: =IFERROR((SUM(AQ79:AW79)/SUM($AQ$7:$AW$7))*100,"") | BF79: =IFERROR((SUM(AY79:BE79)/SUM($AY$7:$BE$7))*100,"") | BN79: =IFERROR((SUM(BG79:BM79)/SUM($BG$7:$BM$7))*100,"") | BV79: =IFERROR((SUM(BO79:BU79)/SUM($BO$7:$BU$7))*100,"") | CD79: =IFERROR((SUM(BW79:CC79)/SUM($BW$7:$CC$7))*100,"") | CL79: =IFERROR((SUM(CE79:CK79)/SUM($CE$7:$CK$7))*100,"") | CT79: =IFERROR((SUM(CM79:CS79)/SUM($CM$7:$CS$7))*100,"")
A80: Q02 | B80: قوام متصلب | J80: =IFERROR((SUM(C80:I80)/SUM($C$7:$I$7))*100,"") | R80: =IFERROR((SUM(K80:Q80)/SUM($K$7:$Q$7))*100,"") | Z80: =IFERROR((SUM(S80:Y80)/SUM($S$7:$Y$7))*100,"") | AH80: =IFERROR(SUM(AA80:AG80)/SUM($AA$7:$AG$7)*100,"") | AP80: =IFERROR(SUM(AI80:AO80)/SUM($AI$7:$AO$7)*100,"") | AX80: =IFERROR((SUM(AQ80:AW80)/SUM($AQ$7:$AW$7))*100,"") | BF80: =IFERROR((SUM(AY80:BE80)/SUM($AY$7:$BE$7))*100,"") | BN80: =IFERROR((SUM(BG80:BM80)/SUM($BG$7:$BM$7))*100,"") | BV80: =IFERROR((SUM(BO80:BU80)/SUM($BO$7:$BU$7))*100,"") | CD80: =IFERROR((SUM(BW80:CC80)/SUM($BW$7:$CC$7))*100,"") | CL80: =IFERROR((SUM(CE80:CK80)/SUM($CE$7:$CK$7))*100,"") | CT80: =IFERROR((SUM(CM80:CS80)/SUM($CM$7:$CS$7))*100,"")
A81: Q03 | B81: بلورات ثلجية واضحة | J81: =IFERROR((SUM(C81:I81)/SUM($C$7:$I$7))*100,"") | R81: =IFERROR((SUM(K81:Q81)/SUM($K$7:$Q$7))*100,"") | Z81: =IFERROR((SUM(S81:Y81)/SUM($S$7:$Y$7))*100,"") | AH81: =IFERROR(SUM(AA81:AG81)/SUM($AA$7:$AG$7)*100,"") | AP81: =IFERROR(SUM(AI81:AO81)/SUM($AI$7:$AO$7)*100,"") | AX81: =IFERROR((SUM(AQ81:AW81)/SUM($AQ$7:$AW$7))*100,"") | BF81: =IFERROR((SUM(AY81:BE81)/SUM($AY$7:$BE$7))*100,"") | BN81: =IFERROR((SUM(BG81:BM81)/SUM($BG$7:$BM$7))*100,"") | BV81: =IFERROR((SUM(BO81:BU81)/SUM($BO$7:$BU$7))*100,"") | CD81: =IFERROR((SUM(BW81:CC81)/SUM($BW$7:$CC$7))*100,"") | CL81: =IFERROR((SUM(CE81:CK81)/SUM($CE$7:$CK$7))*100,"") | CT81: =IFERROR((SUM(CM81:CS81)/SUM($CM$7:$CS$7))*100,"")
A82: Q04 | B82: انفصال دهني/تزييت | J82: =IFERROR((SUM(C82:I82)/SUM($C$7:$I$7))*100,"") | R82: =IFERROR((SUM(K82:Q82)/SUM($K$7:$Q$7))*100,"") | Z82: =IFERROR((SUM(S82:Y82)/SUM($S$7:$Y$7))*100,"") | AH82: =IFERROR(SUM(AA82:AG82)/SUM($AA$7:$AG$7)*100,"") | AP82: =IFERROR(SUM(AI82:AO82)/SUM($AI$7:$AO$7)*100,"") | AX82: =IFERROR((SUM(AQ82:AW82)/SUM($AQ$7:$AW$7))*100,"") | BF82: =IFERROR((SUM(AY82:BE82)/SUM($AY$7:$BE$7))*100,"") | BN82: =IFERROR((SUM(BG82:BM82)/SUM($BG$7:$BM$7))*100,"") | BV82: =IFERROR((SUM(BO82:BU82)/SUM($BO$7:$BU$7))*100,"") | CD82: =IFERROR((SUM(BW82:CC82)/SUM($BW$7:$CC$7))*100,"") | CL82: =IFERROR((SUM(CE82:CK82)/SUM($CE$7:$CK$7))*100,"") | CT82: =IFERROR((SUM(CM82:CS82)/SUM($CM$7:$CS$7))*100,"")
A83: Q05 | B83: طعم/رائحة غير طبيعية | J83: =IFERROR((SUM(C83:I83)/SUM($C$7:$I$7))*100,"") | R83: =IFERROR((SUM(K83:Q83)/SUM($K$7:$Q$7))*100,"") | Z83: =IFERROR((SUM(S83:Y83)/SUM($S$7:$Y$7))*100,"") | AH83: =IFERROR(SUM(AA83:AG83)/SUM($AA$7:$AG$7)*100,"") | AP83: =IFERROR(SUM(AI83:AO83)/SUM($AI$7:$AO$7)*100,"") | AX83: =IFERROR((SUM(AQ83:AW83)/SUM($AQ$7:$AW$7))*100,"") | BF83: =IFERROR((SUM(AY83:BE83)/SUM($AY$7:$BE$7))*100,"") | BN83: =IFERROR((SUM(BG83:BM83)/SUM($BG$7:$BM$7))*100,"") | BV83: =IFERROR((SUM(BO83:BU83)/SUM($BO$7:$BU$7))*100,"") | CD83: =IFERROR((SUM(BW83:CC83)/SUM($BW$7:$CC$7))*100,"") | CL83: =IFERROR((SUM(CE83:CK83)/SUM($CE$7:$CK$7))*100,"") | CT83: =IFERROR((SUM(CM83:CS83)/SUM($CM$7:$CS$7))*100,"")
A84: Q06 | B84: لون غير مطابق | J84: =IFERROR((SUM(C84:I84)/SUM($C$7:$I$7))*100,"") | R84: =IFERROR((SUM(K84:Q84)/SUM($K$7:$Q$7))*100,"") | Z84: =IFERROR((SUM(S84:Y84)/SUM($S$7:$Y$7))*100,"") | AH84: =IFERROR(SUM(AA84:AG84)/SUM($AA$7:$AG$7)*100,"") | AP84: =IFERROR(SUM(AI84:AO84)/SUM($AI$7:$AO$7)*100,"") | AX84: =IFERROR((SUM(AQ84:AW84)/SUM($AQ$7:$AW$7))*100,"") | BF84: =IFERROR((SUM(AY84:BE84)/SUM($AY$7:$BE$7))*100,"") | BN84: =IFERROR((SUM(BG84:BM84)/SUM($BG$7:$BM$7))*100,"") | BV84: =IFERROR((SUM(BO84:BU84)/SUM($BO$7:$BU$7))*100,"") | CD84: =IFERROR((SUM(BW84:CC84)/SUM($BW$7:$CC$7))*100,"") | CL84: =IFERROR((SUM(CE84:CK84)/SUM($CE$7:$CK$7))*100,"") | CT84: =IFERROR((SUM(CM84:CS84)/SUM($CM$7:$CS$7))*100,"")
A85: Q07 | B85: تكتل/تحبب في المنتج | J85: =IFERROR((SUM(C85:I85)/SUM($C$7:$I$7))*100,"") | R85: =IFERROR((SUM(K85:Q85)/SUM($K$7:$Q$7))*100,"") | Z85: =IFERROR((SUM(S85:Y85)/SUM($S$7:$Y$7))*100,"") | AH85: =IFERROR(SUM(AA85:AG85)/SUM($AA$7:$AG$7)*100,"") | AP85: =IFERROR(SUM(AI85:AO85)/SUM($AI$7:$AO$7)*100,"") | AX85: =IFERROR((SUM(AQ85:AW85)/SUM($AQ$7:$AW$7))*100,"") | BF85: =IFERROR((SUM(AY85:BE85)/SUM($AY$7:$BE$7))*100,"") | BN85: =IFERROR((SUM(BG85:BM85)/SUM($BG$7:$BM$7))*100,"") | BV85: =IFERROR((SUM(BO85:BU85)/SUM($BO$7:$BU$7))*100,"") | CD85: =IFERROR((SUM(BW85:CC85)/SUM($BW$7:$CC$7))*100,"") | CL85: =IFERROR((SUM(CE85:CK85)/SUM($CE$7:$CK$7))*100,"") | CT85: =IFERROR((SUM(CM85:CS85)/SUM($CM$7:$CS$7))*100,"")
A86: Q08 | B86: فقاعات/فراغات داخل المنتج | J86: =IFERROR((SUM(C86:I86)/SUM($C$7:$I$7))*100,"") | R86: =IFERROR((SUM(K86:Q86)/SUM($K$7:$Q$7))*100,"") | Z86: =IFERROR((SUM(S86:Y86)/SUM($S$7:$Y$7))*100,"") | AH86: =IFERROR(SUM(AA86:AG86)/SUM($AA$7:$AG$7)*100,"") | AP86: =IFERROR(SUM(AI86:AO86)/SUM($AI$7:$AO$7)*100,"") | AX86: =IFERROR((SUM(AQ86:AW86)/SUM($AQ$7:$AW$7))*100,"") | BF86: =IFERROR((SUM(AY86:BE86)/SUM($AY$7:$BE$7))*100,"") | BN86: =IFERROR((SUM(BG86:BM86)/SUM($BG$7:$BM$7))*100,"") | BV86: =IFERROR((SUM(BO86:BU86)/SUM($BO$7:$BU$7))*100,"") | CD86: =IFERROR((SUM(BW86:CC86)/SUM($BW$7:$CC$7))*100,"") | CL86: =IFERROR((SUM(CE86:CK86)/SUM($CE$7:$CK$7))*100,"") | CT86: =IFERROR((SUM(CM86:CS86)/SUM($CM$7:$CS$7))*100,"")
A87: Q09 | B87: شكل غير متناسق | J87: =IFERROR((SUM(C87:I87)/SUM($C$7:$I$7))*100,"") | R87: =IFERROR((SUM(K87:Q87)/SUM($K$7:$Q$7))*100,"") | Z87: =IFERROR((SUM(S87:Y87)/SUM($S$7:$Y$7))*100,"") | AH87: =IFERROR(SUM(AA87:AG87)/SUM($AA$7:$AG$7)*100,"") | AP87: =IFERROR(SUM(AI87:AO87)/SUM($AI$7:$AO$7)*100,"") | AX87: =IFERROR((SUM(AQ87:AW87)/SUM($AQ$7:$AW$7))*100,"") | BF87: =IFERROR((SUM(AY87:BE87)/SUM($AY$7:$BE$7))*100,"") | BN87: =IFERROR((SUM(BG87:BM87)/SUM($BG$7:$BM$7))*100,"") | BV87: =IFERROR((SUM(BO87:BU87)/SUM($BO$7:$BU$7))*100,"") | CD87: =IFERROR((SUM(BW87:CC87)/SUM($BW$7:$CC$7))*100,"") | CL87: =IFERROR((SUM(CE87:CK87)/SUM($CE$7:$CK$7))*100,"") | CT87: =IFERROR((SUM(CM87:CS87)/SUM($CM$7:$CS$7))*100,"")
A88: إنحرافات التبريد | J88: =IFERROR((SUM(C88:I88)/SUM($C$7:$I$7))*100,"") | R88: =IFERROR((SUM(K88:Q88)/SUM($K$7:$Q$7))*100,"") | Z88: =IFERROR((SUM(S88:Y88)/SUM($S$7:$Y$7))*100,"") | AH88: =IFERROR(SUM(AA88:AG88)/SUM($AA$7:$AG$7)*100,"") | AP88: =IFERROR(SUM(AI88:AO88)/SUM($AI$7:$AO$7)*100,"") | AX88: =IFERROR((SUM(AQ88:AW88)/SUM($AQ$7:$AW$7))*100,"") | BF88: =IFERROR((SUM(AY88:BE88)/SUM($AY$7:$BE$7))*100,"") | BN88: =IFERROR((SUM(BG88:BM88)/SUM($BG$7:$BM$7))*100,"") | BV88: =IFERROR((SUM(BO88:BU88)/SUM($BO$7:$BU$7))*100,"") | CD88: =IFERROR((SUM(BW88:CC88)/SUM($BW$7:$CC$7))*100,"") | CL88: =IFERROR((SUM(CE88:CK88)/SUM($CE$7:$CK$7))*100,"") | CT88: =IFERROR((SUM(CM88:CS88)/SUM($CM$7:$CS$7))*100,"")
A89: T01 | B89: ارتفاع حرارة الفريزر | J89: =IFERROR((SUM(C89:I89)/SUM($C$7:$I$7))*100,"") | R89: =IFERROR((SUM(K89:Q89)/SUM($K$7:$Q$7))*100,"") | Z89: =IFERROR((SUM(S89:Y89)/SUM($S$7:$Y$7))*100,"") | AH89: =IFERROR(SUM(AA89:AG89)/SUM($AA$7:$AG$7)*100,"") | AP89: =IFERROR(SUM(AI89:AO89)/SUM($AI$7:$AO$7)*100,"") | AX89: =IFERROR((SUM(AQ89:AW89)/SUM($AQ$7:$AW$7))*100,"") | BF89: =IFERROR((SUM(AY89:BE89)/SUM($AY$7:$BE$7))*100,"") | BN89: =IFERROR((SUM(BG89:BM89)/SUM($BG$7:$BM$7))*100,"") | BV89: =IFERROR((SUM(BO89:BU89)/SUM($BO$7:$BU$7))*100,"") | CD89: =IFERROR((SUM(BW89:CC89)/SUM($BW$7:$CC$7))*100,"") | CL89: =IFERROR((SUM(CE89:CK89)/SUM($CE$7:$CK$7))*100,"") | CT89: =IFERROR((SUM(CM89:CS89)/SUM($CM$7:$CS$7))*100,"")
A90: T02 | B90: انخفاض حرارة شديد (تجمد زائد) | J90: =IFERROR((SUM(C90:I90)/SUM($C$7:$I$7))*100,"") | R90: =IFERROR((SUM(K90:Q90)/SUM($K$7:$Q$7))*100,"") | Z90: =IFERROR((SUM(S90:Y90)/SUM($S$7:$Y$7))*100,"") | AH90: =IFERROR(SUM(AA90:AG90)/SUM($AA$7:$AG$7)*100,"") | AP90: =IFERROR(SUM(AI90:AO90)/SUM($AI$7:$AO$7)*100,"") | AX90: =IFERROR((SUM(AQ90:AW90)/SUM($AQ$7:$AW$7))*100,"") | BF90: =IFERROR((SUM(AY90:BE90)/SUM($AY$7:$BE$7))*100,"") | BN90: =IFERROR((SUM(BG90:BM90)/SUM($BG$7:$BM$7))*100,"") | BV90: =IFERROR((SUM(BO90:BU90)/SUM($BO$7:$BU$7))*100,"") | CD90: =IFERROR((SUM(BW90:CC90)/SUM($BW$7:$CC$7))*100,"") | CL90: =IFERROR((SUM(CE90:CK90)/SUM($CE$7:$CK$7))*100,"") | CT90: =IFERROR((SUM(CM90:CS90)/SUM($CM$7:$CS$7))*100,"")
A91: T03 | B91: وقت تجميد غير كافي | J91: =IFERROR((SUM(C91:I91)/SUM($C$7:$I$7))*100,"") | R91: =IFERROR((SUM(K91:Q91)/SUM($K$7:$Q$7))*100,"") | Z91: =IFERROR((SUM(S91:Y91)/SUM($S$7:$Y$7))*100,"") | AH91: =IFERROR(SUM(AA91:AG91)/SUM($AA$7:$AG$7)*100,"") | AP91: =IFERROR(SUM(AI91:AO91)/SUM($AI$7:$AO$7)*100,"") | AX91: =IFERROR((SUM(AQ91:AW91)/SUM($AQ$7:$AW$7))*100,"") | BF91: =IFERROR((SUM(AY91:BE91)/SUM($AY$7:$BE$7))*100,"") | BN91: =IFERROR((SUM(BG91:BM91)/SUM($BG$7:$BM$7))*100,"") | BV91: =IFERROR((SUM(BO91:BU91)/SUM($BO$7:$BU$7))*100,"") | CD91: =IFERROR((SUM(BW91:CC91)/SUM($BW$7:$CC$7))*100,"") | CL91: =IFERROR((SUM(CE91:CK91)/SUM($CE$7:$CK$7))*100,"") | CT91: =IFERROR((SUM(CM91:CS91)/SUM($CM$7:$CS$7))*100,"")
A92: T04 | B92: تذبذب الحرارة أثناء التشغيل | J92: =IFERROR((SUM(C92:I92)/SUM($C$7:$I$7))*100,"") | R92: =IFERROR((SUM(K92:Q92)/SUM($K$7:$Q$7))*100,"") | Z92: =IFERROR((SUM(S92:Y92)/SUM($S$7:$Y$7))*100,"") | AH92: =IFERROR(SUM(AA92:AG92)/SUM($AA$7:$AG$7)*100,"") | AP92: =IFERROR(SUM(AI92:AO92)/SUM($AI$7:$AO$7)*100,"") | AX92: =IFERROR((SUM(AQ92:AW92)/SUM($AQ$7:$AW$7))*100,"") | BF92: =IFERROR((SUM(AY92:BE92)/SUM($AY$7:$BE$7))*100,"") | BN92: =IFERROR((SUM(BG92:BM92)/SUM($BG$7:$BM$7))*100,"") | BV92: =IFERROR((SUM(BO92:BU92)/SUM($BO$7:$BU$7))*100,"") | CD92: =IFERROR((SUM(BW92:CC92)/SUM($BW$7:$CC$7))*100,"") | CL92: =IFERROR((SUM(CE92:CK92)/SUM($CE$7:$CK$7))*100,"") | CT92: =IFERROR((SUM(CM92:CS92)/SUM($CM$7:$CS$7))*100,"")
A93: T05 | B93: تكوّن ثلج زائد على المعدات | J93: =IFERROR((SUM(C93:I93)/SUM($C$7:$I$7))*100,"") | R93: =IFERROR((SUM(K93:Q93)/SUM($K$7:$Q$7))*100,"") | Z93: =IFERROR((SUM(S93:Y93)/SUM($S$7:$Y$7))*100,"") | AH93: =IFERROR(SUM(AA93:AG93)/SUM($AA$7:$AG$7)*100,"") | AP93: =IFERROR(SUM(AI93:AO93)/SUM($AI$7:$AO$7)*100,"") | AX93: =IFERROR((SUM(AQ93:AW93)/SUM($AQ$7:$AW$7))*100,"") | BF93: =IFERROR((SUM(AY93:BE93)/SUM($AY$7:$BE$7))*100,"") | BN93: =IFERROR((SUM(BG93:BM93)/SUM($BG$7:$BM$7))*100,"") | BV93: =IFERROR((SUM(BO93:BU93)/SUM($BO$7:$BU$7))*100,"") | CD93: =IFERROR((SUM(BW93:CC93)/SUM($BW$7:$CC$7))*100,"") | CL93: =IFERROR((SUM(CE93:CK93)/SUM($CE$7:$CK$7))*100,"") | CT93: =IFERROR((SUM(CM93:CS93)/SUM($CM$7:$CS$7))*100,"")
A94: T06 | B94: انسداد هواء/مراوح ضعيفة | J94: =IFERROR((SUM(C94:I94)/SUM($C$7:$I$7))*100,"") | R94: =IFERROR((SUM(K94:Q94)/SUM($K$7:$Q$7))*100,"") | Z94: =IFERROR((SUM(S94:Y94)/SUM($S$7:$Y$7))*100,"") | AH94: =IFERROR(SUM(AA94:AG94)/SUM($AA$7:$AG$7)*100,"") | AP94: =IFERROR(SUM(AI94:AO94)/SUM($AI$7:$AO$7)*100,"") | AX94: =IFERROR((SUM(AQ94:AW94)/SUM($AQ$7:$AW$7))*100,"") | BF94: =IFERROR((SUM(AY94:BE94)/SUM($AY$7:$BE$7))*100,"") | BN94: =IFERROR((SUM(BG94:BM94)/SUM($BG$7:$BM$7))*100,"") | BV94: =IFERROR((SUM(BO94:BU94)/SUM($BO$7:$BU$7))*100,"") | CD94: =IFERROR((SUM(BW94:CC94)/SUM($BW$7:$CC$7))*100,"") | CL94: =IFERROR((SUM(CE94:CK94)/SUM($CE$7:$CK$7))*100,"") | CT94: =IFERROR((SUM(CM94:CS94)/SUM($CM$7:$CS$7))*100,"")
A95: تخزين ونقل | J95: =IFERROR((SUM(C95:I95)/SUM($C$7:$I$7))*100,"") | R95: =IFERROR((SUM(K95:Q95)/SUM($K$7:$Q$7))*100,"") | Z95: =IFERROR((SUM(S95:Y95)/SUM($S$7:$Y$7))*100,"") | AH95: =IFERROR(SUM(AA95:AG95)/SUM($AA$7:$AG$7)*100,"") | AP95: =IFERROR(SUM(AI95:AO95)/SUM($AI$7:$AO$7)*100,"") | AX95: =IFERROR((SUM(AQ95:AW95)/SUM($AQ$7:$AW$7))*100,"") | BF95: =IFERROR((SUM(AY95:BE95)/SUM($AY$7:$BE$7))*100,"") | BN95: =IFERROR((SUM(BG95:BM95)/SUM($BG$7:$BM$7))*100,"") | BV95: =IFERROR((SUM(BO95:BU95)/SUM($BO$7:$BU$7))*100,"") | CD95: =IFERROR((SUM(BW95:CC95)/SUM($BW$7:$CC$7))*100,"") | CL95: =IFERROR((SUM(CE95:CK95)/SUM($CE$7:$CK$7))*100,"") | CT95: =IFERROR((SUM(CM95:CS95)/SUM($CM$7:$CS$7))*100,"")
A96: VA01 | B96: تكسير/سحق أثناء النقل الداخلي | J96: =IFERROR((SUM(C96:I96)/SUM($C$7:$I$7))*100,"") | R96: =IFERROR((SUM(K96:Q96)/SUM($K$7:$Q$7))*100,"") | Z96: =IFERROR((SUM(S96:Y96)/SUM($S$7:$Y$7))*100,"") | AH96: =IFERROR(SUM(AA96:AG96)/SUM($AA$7:$AG$7)*100,"") | AP96: =IFERROR(SUM(AI96:AO96)/SUM($AI$7:$AO$7)*100,"") | AX96: =IFERROR((SUM(AQ96:AW96)/SUM($AQ$7:$AW$7))*100,"") | BF96: =IFERROR((SUM(AY96:BE96)/SUM($AY$7:$BE$7))*100,"") | BN96: =IFERROR((SUM(BG96:BM96)/SUM($BG$7:$BM$7))*100,"") | BV96: =IFERROR((SUM(BO96:BU96)/SUM($BO$7:$BU$7))*100,"") | CD96: =IFERROR((SUM(BW96:CC96)/SUM($BW$7:$CC$7))*100,"") | CL96: =IFERROR((SUM(CE96:CK96)/SUM($CE$7:$CK$7))*100,"") | CT96: =IFERROR((SUM(CM96:CS96)/SUM($CM$7:$CS$7))*100,"")
A97: VA02 | B97: تعرض لحرارة أثناء التحميل | J97: =IFERROR((SUM(C97:I97)/SUM($C$7:$I$7))*100,"") | R97: =IFERROR((SUM(K97:Q97)/SUM($K$7:$Q$7))*100,"") | Z97: =IFERROR((SUM(S97:Y97)/SUM($S$7:$Y$7))*100,"") | AH97: =IFERROR(SUM(AA97:AG97)/SUM($AA$7:$AG$7)*100,"") | AP97: =IFERROR(SUM(AI97:AO97)/SUM($AI$7:$AO$7)*100,"") | AX97: =IFERROR((SUM(AQ97:AW97)/SUM($AQ$7:$AW$7))*100,"") | BF97: =IFERROR((SUM(AY97:BE97)/SUM($AY$7:$BE$7))*100,"") | BN97: =IFERROR((SUM(BG97:BM97)/SUM($BG$7:$BM$7))*100,"") | BV97: =IFERROR((SUM(BO97:BU97)/SUM($BO$7:$BU$7))*100,"") | CD97: =IFERROR((SUM(BW97:CC97)/SUM($BW$7:$CC$7))*100,"") | CL97: =IFERROR((SUM(CE97:CK97)/SUM($CE$7:$CK$7))*100,"") | CT97: =IFERROR((SUM(CM97:CS97)/SUM($CM$7:$CS$7))*100,"")
A98: VA03 | B98: تكديس خاطئ يسبب تلف العبوات | J98: =IFERROR((SUM(C98:I98)/SUM($C$7:$I$7))*100,"") | R98: =IFERROR((SUM(K98:Q98)/SUM($K$7:$Q$7))*100,"") | Z98: =IFERROR((SUM(S98:Y98)/SUM($S$7:$Y$7))*100,"") | AH98: =IFERROR(SUM(AA98:AG98)/SUM($AA$7:$AG$7)*100,"") | AP98: =IFERROR(SUM(AI98:AO98)/SUM($AI$7:$AO$7)*100,"") | AX98: =IFERROR((SUM(AQ98:AW98)/SUM($AQ$7:$AW$7))*100,"") | BF98: =IFERROR((SUM(AY98:BE98)/SUM($AY$7:$BE$7))*100,"") | BN98: =IFERROR((SUM(BG98:BM98)/SUM($BG$7:$BM$7))*100,"") | BV98: =IFERROR((SUM(BO98:BU98)/SUM($BO$7:$BU$7))*100,"") | CD98: =IFERROR((SUM(BW98:CC98)/SUM($BW$7:$CC$7))*100,"") | CL98: =IFERROR((SUM(CE98:CK98)/SUM($CE$7:$CK$7))*100,"") | CT98: =IFERROR((SUM(CM98:CS98)/SUM($CM$7:$CS$7))*100,"")
A99: VA04 | B99: اختلاط دفعات/عدم تتبع | J99: =IFERROR((SUM(C99:I99)/SUM($C$7:$I$7))*100,"") | R99: =IFERROR((SUM(K99:Q99)/SUM($K$7:$Q$7))*100,"") | Z99: =IFERROR((SUM(S99:Y99)/SUM($S$7:$Y$7))*100,"") | AH99: =IFERROR(SUM(AA99:AG99)/SUM($AA$7:$AG$7)*100,"") | AP99: =IFERROR(SUM(AI99:AO99)/SUM($AI$7:$AO$7)*100,"") | AX99: =IFERROR((SUM(AQ99:AW99)/SUM($AQ$7:$AW$7))*100,"") | BF99: =IFERROR((SUM(AY99:BE99)/SUM($AY$7:$BE$7))*100,"") | BN99: =IFERROR((SUM(BG99:BM99)/SUM($BG$7:$BM$7))*100,"") | BV99: =IFERROR((SUM(BO99:BU99)/SUM($BO$7:$BU$7))*100,"") | CD99: =IFERROR((SUM(BW99:CC99)/SUM($BW$7:$CC$7))*100,"") | CL99: =IFERROR((SUM(CE99:CK99)/SUM($CE$7:$CK$7))*100,"") | CT99: =IFERROR((SUM(CM99:CS99)/SUM($CM$7:$CS$7))*100,"")
A100: أوزان | J100: =IFERROR((SUM(C100:I100)/SUM($C$7:$I$7))*100,"") | R100: =IFERROR((SUM(K100:Q100)/SUM($K$7:$Q$7))*100,"") | Z100: =IFERROR((SUM(S100:Y100)/SUM($S$7:$Y$7))*100,"") | AH100: =IFERROR(SUM(AA100:AG100)/SUM($AA$7:$AG$7)*100,"") | AP100: =IFERROR(SUM(AI100:AO100)/SUM($AI$7:$AO$7)*100,"") | AX100: =IFERROR((SUM(AQ100:AW100)/SUM($AQ$7:$AW$7))*100,"") | BF100: =IFERROR((SUM(AY100:BE100)/SUM($AY$7:$BE$7))*100,"") | BN100: =IFERROR((SUM(BG100:BM100)/SUM($BG$7:$BM$7))*100,"") | BV100: =IFERROR((SUM(BO100:BU100)/SUM($BO$7:$BU$7))*100,"") | CD100: =IFERROR((SUM(BW100:CC100)/SUM($BW$7:$CC$7))*100,"") | CL100: =IFERROR((SUM(CE100:CK100)/SUM($CE$7:$CK$7))*100,"") | CT100: =IFERROR((SUM(CM100:CS100)/SUM($CM$7:$CS$7))*100,"")
A101: W01 | B101: نقص وزن | J101: =IFERROR((SUM(C101:I101)/SUM($C$7:$I$7))*100,"") | R101: =IFERROR((SUM(K101:Q101)/SUM($K$7:$Q$7))*100,"") | Z101: =IFERROR((SUM(S101:Y101)/SUM($S$7:$Y$7))*100,"") | AH101: =IFERROR(SUM(AA101:AG101)/SUM($AA$7:$AG$7)*100,"") | AP101: =IFERROR(SUM(AI101:AO101)/SUM($AI$7:$AO$7)*100,"") | AX101: =IFERROR((SUM(AQ101:AW101)/SUM($AQ$7:$AW$7))*100,"") | BF101: =IFERROR((SUM(AY101:BE101)/SUM($AY$7:$BE$7))*100,"") | BN101: =IFERROR((SUM(BG101:BM101)/SUM($BG$7:$BM$7))*100,"") | BV101: =IFERROR((SUM(BO101:BU101)/SUM($BO$7:$BU$7))*100,"") | CD101: =IFERROR((SUM(BW101:CC101)/SUM($BW$7:$CC$7))*100,"") | CL101: =IFERROR((SUM(CE101:CK101)/SUM($CE$7:$CK$7))*100,"") | CT101: =IFERROR((SUM(CM101:CS101)/SUM($CM$7:$CS$7))*100,"")
A102: W02 | B102: زيادة وزن | J102: =IFERROR((SUM(C102:I102)/SUM($C$7:$I$7))*100,"") | R102: =IFERROR((SUM(K102:Q102)/SUM($K$7:$Q$7))*100,"") | Z102: =IFERROR((SUM(S102:Y102)/SUM($S$7:$Y$7))*100,"") | AH102: =IFERROR(SUM(AA102:AG102)/SUM($AA$7:$AG$7)*100,"") | AP102: =IFERROR(SUM(AI102:AO102)/SUM($AI$7:$AO$7)*100,"") | AX102: =IFERROR((SUM(AQ102:AW102)/SUM($AQ$7:$AW$7))*100,"") | BF102: =IFERROR((SUM(AY102:BE102)/SUM($AY$7:$BE$7))*100,"") | BN102: =IFERROR((SUM(BG102:BM102)/SUM($BG$7:$BM$7))*100,"") | BV102: =IFERROR((SUM(BO102:BU102)/SUM($BO$7:$BU$7))*100,"") | CD102: =IFERROR((SUM(BW102:CC102)/SUM($BW$7:$CC$7))*100,"") | CL102: =IFERROR((SUM(CE102:CK102)/SUM($CE$7:$CK$7))*100,"") | CT102: =IFERROR((SUM(CM102:CS102)/SUM($CM$7:$CS$7))*100,"")
A103: W03 | B103: تذبذب وزن | J103: =IFERROR((SUM(C103:I103)/SUM($C$7:$I$7))*100,"") | R103: =IFERROR((SUM(K103:Q103)/SUM($K$7:$Q$7))*100,"") | Z103: =IFERROR((SUM(S103:Y103)/SUM($S$7:$Y$7))*100,"") | AH103: =IFERROR(SUM(AA103:AG103)/SUM($AA$7:$AG$7)*100,"") | AP103: =IFERROR(SUM(AI103:AO103)/SUM($AI$7:$AO$7)*100,"") | AX103: =IFERROR((SUM(AQ103:AW103)/SUM($AQ$7:$AW$7))*100,"") | BF103: =IFERROR((SUM(AY103:BE103)/SUM($AY$7:$BE$7))*100,"") | BN103: =IFERROR((SUM(BG103:BM103)/SUM($BG$7:$BM$7))*100,"") | BV103: =IFERROR((SUM(BO103:BU103)/SUM($BO$7:$BU$7))*100,"") | CD103: =IFERROR((SUM(BW103:CC103)/SUM($BW$7:$CC$7))*100,"") | CL103: =IFERROR((SUM(CE103:CK103)/SUM($CE$7:$CK$7))*100,"") | CT103: =IFERROR((SUM(CM103:CS103)/SUM($CM$7:$CS$7))*100,"")
